txId1,txId2
230429513,230425386
230429513,230429791
230429501,230425215
230425095,230427852
230425095,230425386
230425100,230427674
230425100,230426005
230425100,230427852
230429210,230426271
230429210,230427268
230427201,230428560
230427710,230425409
230427710,230429501
230426859,230427092
230426859,230429299
230429980,230428127
230429980,230425802
230429980,230426440
230428219,230425776
230427734,230429299
230426356,230427583
230426356,230428873
230426356,230429725
230426356,230425859
230425137,230425131
230425137,230426944
230425137,230425017
230426801,230428595
230425131,230427577
230425131,230429958
230427353,230426315
230429375,230429533
230427092,230427567
230428678,230427412
230428678,230428207
230428678,230429810
230427142,230426015
230428985,230427136
230426222,230429856
230427742,230427852
230428654,230429507
230427172,230425389
230429836,230427268
230429856,230425137
230428655,230428743
230428655,230425682
230427182,230427569
230427182,230425137
230427182,230427082
230425802,230425510
230429533,230426291
230426055,230428608
230429299,230427088
230427886,230426955
230428430,230427330
230428031,230428907
230426214,230426356
230429561,230427240
230428873,230425207
230428873,230427450
230428873,230428923
230428873,230429533
230429121,230427616
230429121,230425095
230429121,230425776
230429121,230427711
230425510,230429810
230425510,230429958
230425510,230429697
230425776,230428219
230428483,230428170
230428483,230428844
230425682,230425927
230425682,230428134
230425682,230429810
230426297,230425891
230428608,230425712
230428608,230429501
230428608,230428560
230426604,230428399
230427111,230429791
230427882,230425759
230425891,230426288
230426616,230425759
230426616,230426859
230426616,230428861
230429420,230428908
230429420,230426033
230425409,230429364
230425409,230425100
230425655,230425419
230427504,230426005
230427117,230425655
230426440,230425409
230425914,230427504
230428467,230425655
230429832,230427569
230425183,230425389
230425532,230427569
230425532,230428985
230429085,230427567
230425815,230428608
230426288,230429954
230426288,230429057
230425712,230427569
230425712,230425221
230425712,230426033
230426077,230426355
230428237,230426578
230428237,230427882
230429791,230427117
230427530,230427734
230427530,230426578
230427530,230429639
230425798,230428578
230425798,230428602
230425798,230428560
230429725,230426271
230429725,230427467
230429958,230429364
230429954,230426389
230428865,230428578
230428865,230426859
230428865,230427330
230429995,230426142
230425262,230429958
230429700,230427625
230429700,230426237
230429700,230429507
230428317,230427710
230427674,230425859
230427674,230425461
230425469,230428483
230425469,230428907
230425469,230428399
230428127,230429322
230428743,230426237
230428743,230426616
230429364,230425510
230429364,230426578
230429364,230428678
230429364,230429121
230429365,230427045
230429365,230427088
230429365,230425828
230427246,230427583
230425759,230427742
230425759,230428985
230429339,230427464
230429339,230429121
230429339,230427088
230426476,230429660
230427240,230429836
230427240,230427182
230427240,230426755
230428530,230426005
230428923,230427092
230425460,230426903
230426271,230426476
230426271,230426859
230426271,230428578
230426271,230425207
230425461,230425017
230425461,230427201
230425461,230429791
230425221,230429057
230426033,230425712
230426033,230425022
230426315,230425386
230426315,230425223
230428861,230428655
230428861,230427674
230427583,230429716
230425277,230429681
230425277,230426077
230429716,230426237
230429716,230425510
230425828,230429810
230425828,230426163
230425828,230428844
230427136,230425310
230426362,230427524
230429322,230427461
230429322,230428308
230429322,230426955
230426015,230427211
230427450,230425517
230427450,230427045
230426053,230429165
230426053,230429976
230426053,230425997
230426578,230429788
230429660,230426838
230429681,230428320
230427045,230427102
230427045,230425386
230427045,230425997
230425049,230425389
230426838,230425049
230429913,230426163
230429913,230425324
230429913,230425063
230429507,230426578
230427577,230427867
230427577,230428210
230427577,230427947
230425386,230426115
230427625,230429330
230427625,230425378
230426903,230426845
230426903,230426755
230427778,230428276
230427778,230427276
230426355,230428131
230428844,230426355
230427527,230428172
230427524,230426845
230427524,230425215
230425859,230427559
230425859,230428367
230428207,230428582
230425223,230426715
230425223,230425828
230425223,230427527
230427901,230428131
230428908,230426122
230428907,230425310
230428907,230429833
230426291,230426761
230428595,230427901
230426944,230428633
230426944,230428729
230427567,230428915
230427567,230428207
230426005,230428210
230426005,230426903
230426005,230427625
230426005,230426291
230425927,230426042
230425927,230426053
230425927,230426761
230428462,230428250
230429810,230429345
230428308,230428367
230426955,230427616
230429639,230428134
230427852,230427211
230425543,230426389
230427088,230427136
230428876,230425517
230428876,230426665
230428876,230427045
230425517,230427440
230425517,230425646
230426755,230425876
230426389,230425419
230425207,230425859
230425207,230427268
230426761,230429895
230428170,230429913
230428900,230426322
230425419,230429421
230425419,230427045
230425419,230429697
230426163,230426665
230429613,230426053
230429613,230429421
230425389,230426362
230425168,230426887
230427082,230428320
230427082,230425389
230427082,230425475
230425753,230427567
230425753,230426142
230427330,230429507
230427664,230429654
230427664,230426005
230427664,230425927
230427664,230425419
230427268,230427616
230428602,230429913
230428578,230426389
230426142,230427532
230425215,230427559
230428134,230425208
230428131,230429535
230426115,230428419
230426115,230426163
230426115,230428134
230426115,230429345
230429057,230429848
230425276,230425713
230427569,230428826
230427569,230427532
230426471,230426578
230429697,230426042
230429697,230429660
230429697,230425324
230429581,230428250
230429581,230425017
230428582,230425276
230428582,230426858
230428582,230427136
230428560,230427071
230425310,230427330
230427412,230425136
230427412,230425859
230427412,230428462
230427616,230427464
230427616,230428686
230425646,230428826
230425646,230425828
230427794,230427559
230427711,230427885
230427711,230425927
230428267,230426471
230428267,230429526
230426237,230425997
230426237,230425876
230426237,230426355
230426237,230428908
230425063,230425997
230427211,230425223
230427211,230426715
230427211,230426122
230426438,230426122
230426438,230427053
230427071,230426755
230425214,230426679
230427464,230426389
230427467,230427559
230427276,230429774
230427276,230428907
230427276,230429949
230425022,230428459
230426050,230427082
230426050,230429101
230429288,230429345
230425017,230426955
230425017,230428876
230425017,230427901
230428399,230427852
230428399,230428900
230429101,230426291
230429101,230429345
230428890,230426301
230426316,230429363
230426322,230426887
230426322,230427951
230428860,230427377
230429109,230427351
230426042,230428598
230429976,230429421
230429976,230427986
230429976,230425556
230429976,230426673
230428095,230426363
230426845,230426967
230426845,230426883
230426845,230429719
230426845,230427459
230426858,230427986
230426858,230425378
230426858,230428838
230425037,230429829
230425037,230429535
230429949,230426322
230425015,230428095
230425015,230428459
230425015,230427459
230428276,230425683
230428276,230429857
230428276,230425932
230427417,230425713
230427417,230425997
230428729,230427316
230428729,230427885
230426649,230429433
230428320,230429345
230425876,230426990
230425876,230427316
230425878,230427199
230425878,230426296
230425878,230428860
230425878,230427333
230429451,230429617
230426665,230426363
230426679,230425324
230426679,230428212
230425289,230428707
230426990,230426042
230426990,230426607
230426484,230429824
230425475,230425037
230429345,230427333
230426122,230427417
230426122,230426673
230426122,230426790
230427271,230425373
230427459,230429416
230427461,230426363
230427461,230429432
230427461,230426397
230427461,230428950
230427018,230429833
230427018,230426009
230427018,230429330
230428598,230427691
230428598,230425378
230428598,230429345
230428598,230428419
230425324,230425990
230428591,230428826
230429421,230428719
230429433,230427351
230426683,230428367
230425246,230428455
230425246,230428838
230425251,230426827
230425251,230425878
230429587,230427333
230429587,230425246
230429774,230426397
230426715,230425316
230428212,230427377
230428212,230425958
230428915,230429330
230425673,230428419
230425673,230425661
230425683,230428321
230428633,230428883
230428633,230425556
230428633,230426042
230428634,230426883
230426607,230426845
230425713,230425251
230425713,230429432
230427559,230425673
230426557,230425438
230426967,230428915
230427053,230429109
230427053,230426665
230427053,230426301
230425997,230426567
230425786,230426665
230425786,230425813
230425786,230425997
230429788,230429177
230428459,230428367
230428459,230429774
230429330,230427947
230429330,230429177
230429330,230427316
230427532,230426316
230427532,230429023
230429077,230427440
230429077,230428419
230429077,230426623
230425208,230429433
230425208,230428459
230425960,230426316
230425960,230427351
230425960,230429163
230425960,230428561
230428686,230428396
230428686,230426316
230428686,230428210
230428686,230428810
230429165,230428451
230427867,230429552
230427867,230428226
230427867,230425661
230427493,230428250
230427102,230427885
230426301,230425661
230426301,230427885
230426301,230427643
230427947,230426025
230427947,230425373
230427947,230428652
230428826,230429421
230429833,230427228
230429833,230428459
230429833,230429363
230425187,230427018
230425187,230427587
230425531,230425316
230429526,230427559
230429526,230425997
230429526,230427199
230425813,230426990
230427885,230425153
230428172,230429526
230427440,230428072
230429685,230426858
230429685,230426567
230428419,230428634
230429848,230429023
230429535,230429421
230427587,230426094
230427587,230428396
230426363,230427377
230428838,230426397
230428838,230427199
230428210,230429023
230428210,230426967
230428210,230425289
230428210,230428561
230429244,230425349
230425136,230427351
230429654,230426887
230425373,230427924
230425373,230429552
230425378,230428591
230428002,230427199
230428002,230427316
230427780,230426009
230428367,230428680
230428367,230429854
230428367,230428002
230428250,230427199
230425932,230426607
230425932,230426567
230429985,230425997
230426883,230425187
230426887,230429949
230429895,230427018
230425066,230429824
230425066,230426567
230428226,230427642
230429204,230427620
230429204,230427177
230427783,230427643
230427783,230428000
230428652,230428545
230425349,230426046
230427351,230426986
230426198,230426358
230426198,230429439
230426198,230426094
230428680,230425062
230427922,230427535
230427924,230425817
230427924,230429454
230427447,230429855
230427447,230428094
230429382,230425511
230429382,230428016
230427228,230429768
230429177,230425484
230425661,230429824
230426611,230428683
230427643,230426199
230427642,230428023
230427642,230425884
230428072,230425892
230425438,230426025
230425438,230427691
230427986,230425503
230428154,230426046
230429416,230426171
230429416,230427377
230429432,230428652
230429617,230427884
230426160,230425750
230426160,230427748
230426567,230427761
230426567,230428248
230428689,230428779
230428689,230427389
230428689,230425625
230428992,230426986
230428992,230429973
230429399,230425611
230426623,230427887
230429746,230429768
230429746,230429454
230427316,230429973
230427377,230429644
230429023,230426637
230427309,230428950
230427939,230425511
230427939,230427951
230427939,230428321
230427939,230426651
230426296,230429973
230429578,230425280
230427224,230426198
230427224,230425436
230427224,230429265
230427944,230425625
230425229,230426009
230425229,230427884
230429454,230428226
230425874,230425511
230425874,230427643
230425872,230429854
230428321,230429265
230428321,230428883
230428321,230425847
230428321,230427761
230428719,230427478
230428561,230427309
230425990,230428455
230428742,230428252
230427333,230428980
230428950,230428023
230428950,230427377
230428707,230425625
230428707,230426794
230428707,230426367
230427427,230428742
230426673,230425647
230426140,230429461
230426140,230427091
230426140,230427761
230426637,230427316
230426637,230427748
230429719,230427283
230429719,230428415
230425316,230428451
230425316,230427673
230425316,230426090
230425316,230425847
230429363,230429578
230429699,230427389
230429699,230425990
230429699,230428257
230426009,230429562
230428243,230429973
230428027,230426651
230428455,230425661
230429541,230426094
230426986,230427761
230428107,230425784
230428451,230426022
230427597,230426094
230427597,230427673
230427600,230427986
230428424,230429768
230428424,230429396
230428424,230428023
230425556,230426603
230428396,230429870
230428396,230429399
230428396,230425229
230429854,230428742
230429857,230428072
230429857,230426160
230425153,230425280
230426397,230427600
230428883,230427283
230425801,230428023
230426094,230427478
230429265,230426199
230427034,230427762
230428395,230425556
230428395,230428719
230427887,230425138
230426336,230425782
230425062,230425661
230425062,230425110
230425062,230428672
230425062,230428415
230426827,230425484
230425044,230425661
230425044,230427034
230425044,230428883
230427199,230427597
230425849,230428950
230425849,230428764
230425849,230426157
230425849,230427924
230429280,230429177
230429280,230429699
230426790,230425110
230426790,230426025
230426794,230428810
230427691,230428415
230427691,230427309
230428810,230428779
230428810,230429023
230428810,230427663
230429163,230427600
230429829,230429855
230429829,230429439
230429829,230425229
230427535,230425438
230429824,230428130
230429824,230429265
230429493,230428396
230427951,230429181
230425958,230425757
230425958,230428810
230428252,230425489
230426025,230427427
230425513,230425436
230429552,230428689
230427207,230429734
230429606,230429640
230429606,230427463
230429606,230425817
230426157,230425280
230426857,230425484
230425346,230427091
230429644,230428980
230429603,230425489
230429603,230428023
230429597,230426090
230426603,230428979
230425436,230426046
230429641,230427177
230429641,230425757
230429641,230427231
230427091,230427451
230425647,230425858
230425884,230426968
230425884,230426199
230425892,230425110
230427500,230426424
230427500,230427508
230429612,230425428
230428683,230427389
230428683,230426199
230428980,230428248
230427478,230427590
230428023,230428672
230425234,230425782
230425234,230425064
230426708,230428672
230428779,230425484
230428779,230427612
230428779,230427673
230426457,230429234
230426457,230429233
230428764,230426651
230425484,230427444
230425489,230429603
230427073,230427463
230429439,230425987
230429461,230426022
230427762,230425503
230426699,230429882
230426692,230427508
230428130,230428178
230425782,230429641
230427663,230429768
230425472,230427451
230425472,230426816
230425472,230429137
230425472,230429694
230425750,230425982
230425757,230427283
230429233,230429383
230427620,230426171
230427620,230427144
230426144,230428706
230426144,230425890
230427451,230425243
230427451,230429734
230425611,230429601
230425625,230428016
230429768,230427389
230429768,230429262
230429768,230425189
230426651,230428545
230426651,230426090
230428545,230427620
230428545,230427884
230426652,230427073
230428720,230429562
230427673,230429644
230425280,230426068
230425280,230426603
230425280,230429137
230425280,230425503
230428672,230429523
230427146,230429137
230427146,230426023
230427146,230425064
230427146,230428094
230429396,230425978
230429396,230427212
230429396,230426424
230429396,230427463
230426171,230427011
230426171,230425892
230426171,230426120
230426199,230428062
230429383,230429915
230429383,230427620
230429374,230428184
230427761,230425748
230429973,230428034
230429973,230426650
230429973,230427884
230427283,230426652
230427884,230428178
230428000,230428779
230428248,230428683
230426090,230428248
230426090,230428123
230428184,230429870
230428184,230428023
230427748,230425978
230428415,230425110
230427177,230429644
230429842,230426011
230426068,230429396
230426068,230427478
230426068,230425625
230429221,230429234
230429221,230426741
230429221,230426171
230427389,230427212
230427389,230426968
230427389,230427731
230427389,230426199
230429562,230426358
230425503,230427011
230425503,230426011
230425503,230428340
230428257,230425064
230428257,230428130
230428257,230425227
230428016,230428683
230425511,230428297
230425511,230425817
230425784,230426703
230427112,230427500
230426741,230426457
230429181,230428248
230428871,230426177
230428871,230427992
230428871,230429606
230428871,230427478
230426022,230428477
230425856,230428696
230426358,230427011
230426358,230427144
230426358,230428720
230427731,230425236
230427731,230427884
230429855,230429079
230425138,230426171
230425138,230425757
230425138,230429442
230429870,230425847
230429870,230429079
230426367,230429640
230428827,230429915
230428827,230425236
230428827,230425472
230425817,230426121
230425817,230426199
230425817,230425982
230426046,230426023
230426046,230427132
230428297,230426090
230428297,230426171
230428094,230428062
230428094,230428008
230428094,230428248
230425110,230429973
230425110,230425856
230425110,230425138
230425847,230427091
230429888,230428793
230429888,230426004
230429512,230427049
230426987,230429193
230426987,230428109
230425858,230429193
230426023,230429524
230426023,230428477
230429882,230428076
230426816,230426238
230426816,230427558
230429262,230428263
230426044,230429393
230426044,230425658
230428471,230429640
230425171,230427132
230428034,230428051
230428034,230427612
230427294,230427985
230427294,230425227
230427294,230426120
230429279,230427638
230429279,230429049
230426776,230428314
230426776,230425779
230427508,230425639
230428340,230428178
230428340,230426345
230429079,230426636
230429079,230426123
230425189,230427242
230425189,230427463
230425189,230426405
230425189,230429915
230429524,230425189
230429523,230428857
230427590,230429393
230426405,230427404
230426405,230429734
230428178,230426004
230428178,230426970
230428178,230428857
230429246,230429446
230429556,230429585
230429556,230425358
230426723,230429565
230426703,230426260
230425227,230428034
230425227,230427561
230425227,230427231
230428477,230426650
230428025,230426121
230429799,230428034
230429799,230428340
230426011,230428178
230426004,230429074
230426004,230428178
230426004,230427277
230428263,230428150
230428263,230429977
230428205,230425604
230428205,230425053
230425978,230428793
230426968,230426430
230428314,230429137
230426424,230428452
230426424,230429565
230428793,230429601
230428793,230428051
230428785,230427277
230428785,230425604
230426970,230429446
230426970,230427049
230428076,230427943
230428076,230427294
230427084,230429621
230427084,230428263
230426121,230427231
230426120,230426343
230426120,230428263
230425779,230425890
230425243,230425663
230425243,230426270
230425243,230426121
230425243,230428857
230425236,230425227
230429565,230428263
230429565,230427242
230429565,230426779
230429565,230427294
230429442,230427338
230426249,230429565
230429137,230426628
230429137,230428706
230425988,230425255
230429734,230426987
230425748,230427508
230428062,230425428
230428593,230425323
230428593,230428314
230428125,230429524
230428123,230429137
230428123,230426424
230426628,230429977
230427011,230427660
230429694,230429137
230429694,230426526
230426650,230429391
230425987,230427537
230425982,230426270
230427612,230426270
230427612,230425978
230427612,230427338
230428706,230429686
230427919,230429446
230427992,230429694
230425890,230425439
230425890,230427231
230429234,230426526
230428999,230429734
230427558,230427537
230427558,230427655
230427558,230428471
230427537,230426987
230428979,230428208
230427212,230425053
230428008,230426650
230425358,230428208
230429686,230428034
230429686,230428150
230426177,230427838
230427231,230429137
230427231,230429640
230427985,230429138
230427985,230427231
230426511,230428452
230425439,230426177
230425439,230427508
230429601,230429512
230429601,230428857
230425428,230425358
230425663,230429138
230425663,230427011
230428696,230428263
230428696,230425115
230428696,230429393
230429640,230429137
230429640,230426636
230427144,230426249
230427132,230426982
230427444,230428696
230425690,230427919
230425690,230425236
230427049,230428471
230427049,230428811
230427049,230427655
230425064,230426882
230426855,230426177
230426855,230428785
230427277,230425858
230427277,230427212
230429915,230428085
230427463,230425255
230428228,230427345
230428228,230426526
230428228,230426023
230428228,230425690
230425931,230425004
230425931,230426882
230425931,230428823
230428374,230427655
230426882,230428208
230425097,230425679
230425115,230426538
230425115,230426905
230428859,230428374
230428859,230428857
230429977,230425721
230429977,230428546
230429977,230429143
230428051,230426430
230428051,230426298
230428051,230428109
230429391,230428318
230429391,230425639
230425039,230429585
230426535,230429248
230429393,230427324
230426526,230426978
230425405,230425604
230429621,230426156
230428150,230429971
230427561,230429138
230428085,230428673
230428085,230425679
230429653,230427062
230429653,230427765
230429653,230428349
230429653,230425915
230428651,230429290
230428651,230425726
230427352,230427456
230427352,230429406
230427352,230428109
230427345,230427721
230427345,230426312
230427638,230429406
230427638,230426238
230427638,230427338
230427655,230425931
230427655,230425271
230426532,230426909
230427758,230429073
230427758,230427006
230425658,230425410
230425658,230428085
230425658,230426319
230429720,230428452
230429446,230425271
230429446,230428195
230429446,230427721
230429446,230428085
230427414,230429977
230426238,230428374
230427248,230429621
230427248,230429323
230429138,230426812
230427242,230427062
230429049,230427774
230429343,230425604
230429343,230429977
230425639,230426270
230426248,230426270
230426270,230425117
230426260,230426081
230426260,230429406
230426260,230427196
230426260,230428150
230427943,230425190
230427404,230426636
230427404,230427173
230425255,230428173
230425255,230425679
230426430,230428762
230425604,230427721
230428075,230427114
230429585,230429323
230429585,230427345
230429585,230429138
230429143,230426101
230429143,230428953
230429143,230427491
230425271,230426018
230425323,230428109
230425323,230426779
230425323,230427511
230429150,230429406
230429150,230425039
230429150,230426248
230427660,230426345
230426123,230425055
230426636,230428075
230426636,230429977
230427338,230426156
230425165,230428150
230427838,230427491
230427838,230428220
230427838,230425915
230427838,230429049
230429074,230425915
230429074,230425165
230429074,230426101
230429193,230428398
230428109,230426343
230428109,230428889
230428811,230426538
230428811,230425004
230428811,230425658
230426740,230425809
230426740,230427660
230426312,230426882
230427025,230428188
230429826,230429293
230426812,230428977
230426779,230425255
230426779,230428195
230426894,230427878
230426894,230425323
230426894,230425555
230429847,230425190
230425555,230426925
230428452,230427511
230428452,230428085
230428208,230428318
230428208,230428811
230428208,230425097
230428208,230429393
230428857,230425004
230428857,230427838
230428857,230426925
230426982,230429826
230426982,230428480
230429971,230429073
230426343,230427594
230426343,230427274
230426345,230427025
230426345,230425548
230426345,230429391
230425053,230428940
230425652,230428423
230425652,230427529
230425652,230428196
230429634,230426393
230429634,230425047
230426156,230425098
230426156,230427491
230428977,230428853
230428977,230426393
230428977,230428546
230426201,230429807
230427264,230425679
230425336,230427881
230427774,230428398
230426178,230428468
230426178,230428870
230429942,230428588
230425004,230425796
230426873,230429153
230426873,230428511
230425078,230426682
230425078,230425283
230427721,230427365
230425726,230428816
230425721,230428220
230425721,230429073
230425721,230429690
230425721,230429881
230427458,230428468
230427458,230428196
230428953,230425652
230428953,230425410
230425296,230426227
230428546,230429807
230428546,230426878
230428546,230427635
230427765,230426227
230427324,230425322
230425730,230426971
230427456,230427137
230427456,230429881
230426124,230429798
230426124,230429180
230426124,230426206
230426504,230428334
230426504,230428500
230426504,230427563
230429584,230429059
230429406,230429156
230425679,230426387
230425679,230425644
230425433,230426393
230425433,230425458
230426512,230426081
230427878,230426873
230427878,230425721
230427878,230427458
230427881,230429406
230427881,230425322
230427491,230429478
230425410,230428977
230425410,230429794
230426319,230425652
230426319,230426178
230426319,230429059
230425117,230425296
230425106,230426905
230425106,230429942
230425106,230429202
230425102,230428370
230429202,230427137
230429202,230426178
230427274,230425102
230427442,230428889
230427442,230428261
230428673,230428431
230426538,230425915
230428940,230425410
230426326,230427491
230427196,230427274
230427196,230425871
230427196,230429406
230426878,230427629
230426878,230429073
230426878,230429794
230427474,230425915
230428220,230429027
230427062,230425041
230427062,230427441
230427114,230429634
230427114,230426873
230427114,230429027
230428762,230425098
230428916,230428220
230426298,230429153
230426698,230426969
230428889,230426873
230428889,230429071
230428889,230428762
230429478,230426326
230429478,230427114
230429478,230429722
230428536,230425603
230428536,230427370
230428535,230428468
230427170,230425078
230429592,230425996
230427370,230426878
230428188,230426124
230428188,230429486
230428188,230427173
230428195,230425047
230426101,230427723
230427006,230425566
230426638,230428196
230427834,230428188
230425322,230428627
230425322,230426977
230429160,230428423
230429156,230428511
230428318,230427881
230428318,230426878
230428318,230426971
230427594,230425296
230427594,230427777
230429323,230427270
230425190,230428423
230428173,230428370
230425871,230425336
230428500,230426227
230429248,230425603
230429248,230428422
230428480,230427137
230428480,230426878
230428480,230428815
230429794,230429798
230427739,230428468
230429293,230426206
230429293,230425644
230429293,230425242
230425809,230426057
230427190,230427808
230427190,230425098
230425970,230427170
230425970,230429071
230426909,230426156
230427511,230426326
230427511,230428916
230427511,230427062
230425915,230427632
230425915,230425098
230426081,230428064
230429073,230426101
230428816,230425055
230428816,230425296
230426314,230428546
230428823,230426314
230429290,230426387
230428468,230428535
230426925,230427563
230428870,230429994
230427173,230426201
230426905,230428536
230428431,230428370
230428349,230428535
230427723,230425143
230427723,230426473
230427723,230425078
230427723,230428815
230428398,230429584
230427737,230429486
230425548,230427563
230425548,230426878
230428853,230429060
230426018,230425548
230426977,230426387
230426977,230428815
230425055,230426072
230425055,230428762
230425055,230429156
230426978,230429059
230426978,230428977
230425041,230427367
230425041,230428385
230429994,230426431
230429994,230429059
230429994,230428581
230427708,230427137
230425047,230425502
230428232,230426656
230426072,230429898
230426072,230428128
230426072,230426431
230426059,230426800
230426059,230428660
230426059,230429994
230426059,230428422
230426057,230428334
230429309,230425507
230429309,230426899
230425796,230428872
230425796,230425458
230429336,230427926
230429071,230427137
230427529,230428839
230425996,230426536
230425996,230429789
230428261,230429060
230429060,230426048
230429060,230429490
230429059,230426387
230429059,230426431
230428196,230426431
230427905,230426469
230429027,230426145
230425738,230426780
230428988,230426747
230426206,230426228
230426206,230426536
230427441,230427905
230427441,230427788
230426228,230428001
230426227,230429060
230425644,230428815
230425644,230426145
230425644,230428581
230428271,230428588
230427563,230428001
230425634,230429728
230427408,230427936
230427408,230427529
230427408,230429898
230427408,230425996
230425603,230427408
230425603,230426431
230428879,230427367
230428872,230429994
230429486,230429950
230427808,230428385
230427808,230428187
230427808,230426143
230426971,230427105
230425566,230425098
230429521,230429092
230426371,230429309
230426371,230429010
230426371,230429662
230428815,230426971
230428815,230429931
230426393,230429950
230426387,230429060
230426969,230427270
230426473,230426057
230426473,230428022
230426472,230428385
230426469,230426940
230425458,230427367
230429153,230426057
230429153,230429655
230429153,230426431
230429153,230429748
230428315,230428385
230428315,230426206
230428315,230425564
230427270,230427715
230427270,230426371
230427270,230427905
230428709,230426747
230428709,230429881
230428709,230429309
230427365,230426206
230427363,230425738
230425394,230429574
230427632,230427407
230427629,230429722
230427629,230427563
230426536,230429197
230427137,230428001
230427777,230429239
230428627,230426497
230428627,230425041
230428627,230429704
230429690,230427708
230429690,230428879
230429690,230429574
230425903,230427219
230427635,230429060
230427219,230426048
230427219,230428370
230427213,230429662
230427213,230425072
230428064,230425143
230428588,230428055
230428588,230429309
230428588,230425283
230426619,230429728
230426619,230428511
230429722,230426598
230429728,230426371
230429728,230429722
230425283,230425192
230425283,230425564
230425283,230426473
230425283,230429180
230426672,230427270
230426656,230429309
230429748,230428261
230429748,230425098
230426682,230428376
230427997,230429010
230426688,230427107
230425242,230426688
230428511,230429689
230428511,230429722
230429798,230429927
230429807,230428585
230428334,230427105
230425192,230428370
230425192,230426780
230425192,230426379
230425192,230428627
230428423,230429704
230428422,230428376
230428422,230426899
230425143,230428232
230425143,230429944
230425143,230426174
230425143,230426473
230426899,230428815
230426899,230429370
230429881,230427563
230429881,230426379
230429881,230429197
230425116,230428376
230429898,230426431
230428385,230428588
230428385,230427629
230428385,230427936
230425098,230426174
230425098,230428146
230428376,230427267
230429180,230427766
230428370,230426969
230428370,230428938
230429944,230426059
230429931,230426899
230425072,230429934
230425072,230427916
230427895,230425829
230426940,230428687
230427623,230429155
230427788,230425263
230427788,230429950
230427788,230425718
230427788,230427020
230426497,230425790
230426497,230425010
230426497,230429224
230426497,230427719
230427382,230427766
230427382,230428389
230427382,230426431
230427367,230429927
230427367,230428660
230427367,230426598
230429574,230428796
230426524,230427802
230426431,230428299
230429637,230427100
230429637,230429662
230429632,230427100
230428146,230428937
230428001,230425535
230425507,230426145
230425502,230429655
230425502,230429488
230429927,230429208
230429239,230427715
230429662,230429655
230429662,230428001
230429662,230429689
230427387,230426598
230427341,230429370
230429655,230427916
230429655,230428887
230428660,230429789
230425535,230429062
230426379,230427223
230426379,230425992
230428839,230429370
230429689,230427387
230426598,230427670
230425551,230429258
230426344,230429311
230427267,230427367
230427267,230429934
230427267,230427107
230429704,230425009
230427803,230429010
230429483,230427239
230429483,230428839
230429483,230425558
230425564,230426524
230429490,230429574
230429490,230429927
230428581,230428802
230426304,230426926
230426303,230427575
230426303,230429689
230427101,230425104
230427101,230429927
230427101,230428937
230426643,230427623
230428585,230427337
230429738,230427802
230429726,230428411
230427407,230425104
230427936,230428938
230427936,230429574
230427936,230428839
230427936,230427623
230427107,230426017
230427105,230429200
230427105,230427101
230427020,230425850
230427020,230429258
230427020,230425699
230427766,230428234
230428938,230425551
230428938,230425230
230428938,230425010
230428937,230428984
230427670,230425791
230427670,230427995
230428135,230428055
230428135,230426919
230428135,230429095
230428128,230427367
230427575,230426060
230427575,230429738
230425635,230428937
230425669,230429781
230429444,230425507
230429444,230428660
230429444,230426966
230428022,230427239
230428022,230426404
230427926,230425754
230426229,230426235
230426174,230428585
230426174,230427387
230429781,230429010
230429781,230429208
230429789,230426235
230425718,230428292
230426145,230425850
230426145,230428185
230426143,230427719
230426143,230429632
230426143,230428146
230426143,230425718
230429010,230426926
230426747,230426906
230425754,230428668
230425754,230429789
230428055,230427020
230427185,230428187
230429370,230425635
230428187,230426431
230429844,230427803
230426780,230426643
230429095,230425992
230429095,230429208
230429092,230426632
230429092,230426174
230429311,230425992
230429311,230429637
230429311,230429844
230425791,230426497
230425791,230429726
230425790,230429789
230429334,230427422
230429334,230427387
230429334,230429776
230425852,230426344
230425850,230429370
230426048,230425010
230426045,230427755
230429106,230425764
230426800,230427020
230427715,230429655
230425959,230429632
230429950,230426045
230429950,230429311
230425946,230428583
230429197,230429258
230429934,230426867
230427719,230428740
230425010,230429144
230425010,230427981
230425010,230428676
230428740,230428104
230428740,230428887
230428740,230426445
230429596,230427602
230429596,230429001
230429596,230428141
230426447,230425524
230427802,230429776
230428771,230425602
230425829,230426194
230426038,230426843
230426038,230428984
230426038,230426998
230428776,230426811
230428776,230426516
230428776,230426404
230428776,230425723
230426966,230426428
230428687,230426686
230429270,230427791
230429270,230427282
230429270,230428526
230426060,230426447
230426445,230425118
230427626,230426998
230428750,230426445
230428750,230428411
230428750,230426976
230428668,230426966
230428411,230426516
230428411,230425178
230428411,230425716
230426082,230427239
230427531,230425230
230427531,230428750
230427531,230429488
230425992,230428476
230428802,230425279
230428802,230427490
230427981,230425490
230426071,230427194
230428299,230427490
230427262,230425814
230427755,230429224
230428796,230425716
230426404,230425716
230426404,230429596
230426404,230425414
230428641,230428234
230428641,230426071
230426632,230427531
230426836,230425599
230426836,230425864
230426836,230429858
230426836,230426624
230426843,230427827
230428389,230429384
230428389,230426194
230425104,230426996
230429256,230425009
230425869,230428457
230425869,230426500
230429258,230427194
230427239,230428186
230427239,230428984
230425716,230427916
230425716,230426516
230425716,230429571
230429488,230426017
230429488,230426445
230428887,230426445
230428887,230429371
230426919,230426814
230427100,230429934
230427100,230425238
230427100,230427965
230428292,230425263
230426983,230429144
230426983,230428574
230426360,230425558
230425764,230429934
230425764,230428784
230427688,230425530
230427688,230426797
230427688,230427026
230427688,230426404
230429021,230427337
230429822,230428750
230429822,230429144
230429822,230426074
230425558,230428331
230425558,230427337
230425558,230429773
230429155,230427052
230426926,230427223
230426926,230425118
230429062,230428750
230427842,230425723
230427842,230426445
230425178,230427755
230426906,230427282
230428583,230429155
230425294,230426404
230428185,230428476
230427406,230427026
230427406,230426404
230428984,230425633
230428984,230427194
230425230,230429892
230427307,230426919
230428080,230426445
230428080,230427531
230428080,230426060
230428523,230427150
230428523,230429032
230427995,230425558
230427995,230425602
230427337,230428750
230427223,230425104
230425630,230428955
230428526,230426906
230428526,230426071
230426693,230429144
230426693,230425294
230425238,230429270
230425238,230426811
230425699,230425869
230426173,230429371
230425263,230426994
230425263,230427487
230426677,230426360
230426008,230429595
230426008,230426811
230426017,230429596
230426017,230425476
230425864,230425279
230429776,230428605
230429773,230429488
230429773,230425009
230429773,230428523
230429184,230429155
230429184,230425230
230425009,230427842
230429224,230427124
230429224,230428774
230429224,230427965
230429200,230428299
230429208,230427490
230429208,230428676
230429208,230426184
230429208,230428141
230427916,230426428
230426994,230429001
230426235,230428574
230426235,230426843
230427422,230429270
230427422,230427842
230427422,230426491
230426212,230425205
230428961,230425294
230428961,230429224
230428961,230428984
230426814,230426624
230426820,230425025
230426820,230426919
230428234,230426404
230428234,230425118
230428234,230425230
230428266,230426759
230428266,230428409
230429371,230429387
230429371,230427995
230429371,230429032
230429371,230426017
230429384,230428776
230427910,230426757
230427910,230428522
230429144,230426732
230427602,230426720
230427108,230427343
230425894,230429172
230425894,230425414
230426074,230428495
230426074,230428955
230426074,230428584
230427116,230428538
230429858,230425602
230426417,230425613
230426417,230429032
230427124,230427487
230429571,230429387
230429571,230427862
230429571,230428104
230429595,230425118
230429595,230427592
230427791,230426584
230426500,230426074
230426516,230425717
230428437,230428277
230428436,230428927
230425414,230429332
230429892,230428206
230429892,230425613
230429892,230429051
230426428,230425490
230425490,230429291
230425490,230425524
230425490,230425860
230425490,230426706
230428104,230428527
230428104,230427194
230426797,230425955
230426797,230429571
230425814,230426931
230425025,230426759
230427194,230426720
230425599,230425476
230425599,230426999
230425118,230429241
230425118,230428061
230427545,230426624
230428331,230427675
230425205,230427606
230425328,230428331
230427150,230428277
230426194,230426148
230426194,230428527
230426194,230429619
230425717,230428747
230425717,230429957
230428186,230425641
230428186,230426759
230428186,230429595
230428574,230426194
230427490,230427052
230427827,230426808
230427827,230429016
230426161,230426365
230427247,230426074
230429032,230427675
230429032,230429529
230429032,230428331
230425581,230429001
230425581,230428892
230425581,230425613
230425581,230429269
230425540,230426763
230425540,230429269
230428457,230428784
230428457,230425205
230428141,230428774
230428141,230429567
230426365,230427026
230425524,230428951
230429652,230429001
230429652,230428522
230425530,230427791
230428843,230427675
230426931,230425860
230426931,230428951
230426931,230427832
230426931,230429963
230429529,230427490
230428605,230427675
230425723,230426998
230426759,230428233
230426759,230428584
230426976,230429786
230426976,230426571
230426624,230425800
230428784,230429016
230428784,230426040
230428676,230425595
230426031,230428605
230427026,230429241
230429113,230428206
230429269,230428233
230429269,230428951
230429269,230428522
230427965,230429963
230427965,230425771
230425476,230425025
230425476,230429332
230425476,230428747
230429599,230427791
230428774,230427332
230428774,230425148
230425459,230429957
230425602,230426148
230425602,230429892
230428233,230426583
230426811,230429652
230428476,230427247
230428409,230425118
230428409,230427516
230428409,230426040
230428409,230428843
230426184,230426417
230426184,230425524
230426184,230425205
230429001,230427704
230429001,230428233
230429001,230427832
230426998,230426931
230429456,230426931
230425613,230429567
230425613,230427218
230425279,230428996
230425279,230426428
230425279,230428584
230427094,230428574
230427094,230429332
230427094,230425675
230429387,230425404
230429387,230429291
230429387,230429619
230429387,230425633
230426996,230426706
230426996,230427738
230426996,230426669
230428277,230425163
230428277,230425490
230426808,230426763
230426808,230427220
230427516,230429823
230427052,230429567
230428206,230425163
230429129,230429892
230426686,230428527
230428538,230428495
230428534,230425185
230428534,230427487
230428963,230429892
230428955,230428712
230426491,230428605
230426491,230428774
230426491,230428868
230426867,230426633
230426867,230429957
230427487,230428963
230427282,230426709
230426951,230425741
230426948,230425641
230427358,230428388
230429201,230428586
230428527,230427784
230425684,230425148
230425675,230428586
230425675,230428495
230425675,230425079
230428712,230425827
230428712,230428375
230428712,230429834
230428724,230428910
230429567,230425771
230427410,230428163
230428951,230425771
230428951,230427409
230428951,230429926
230427832,230425684
230427832,230426840
230425404,230428892
230425404,230429972
230425404,230429957
230425447,230425675
230427795,230427149
230427795,230426830
230429462,230425413
230429462,230428724
230427332,230427592
230427332,230425058
230427332,230428061
230429786,230427912
230425641,230427795
230425641,230426116
230427862,230426669
230429619,230428892
230426273,230428522
230428910,230427070
230428910,230427519
230428910,230426757
230427448,230427832
230426706,230426331
230426706,230428003
230426709,230429097
230426709,230428489
230426709,230425413
230428522,230428163
230426720,230429926
230428495,230425675
230428495,230427448
230428495,230426674
230426999,230428918
230427220,230425163
230427220,230429619
230427479,230427448
230427479,230425135
230427311,230427332
230427311,230426386
230427311,230429548
230426830,230429332
230428892,230428828
230428892,230428951
230428927,230425413
230428927,230426674
230428927,230428957
230428927,230426732
230426186,230427135
230426186,230429586
230426669,230427704
230426669,230426092
230426669,230427562
230428996,230427332
230428996,230427519
230428996,230429054
230428996,230427795
230429257,230428329
230425583,230428054
230425539,230429045
230429016,230428804
230427904,230426533
230425771,230427572
230428747,230428495
230428747,230426756
230428747,230425163
230428747,230429398
230429097,230426757
230429097,230428090
230429097,230426999
230426633,230428163
230426633,230429238
230425800,230426893
230425185,230427234
230429332,230428090
230428336,230426051
230426732,230428918
230425595,230429963
230425595,230426840
230428868,230428375
230428868,230429097
230425860,230425771
230426907,230429550
230426907,230426273
230428584,230429834
230428584,230428392
230427234,230425058
230427234,230425800
230427234,230427220
230427234,230429355
230429090,230428957
230425148,230425606
230426051,230426040
230426040,230429149
230426148,230427904
230426148,230426339
230429051,230427557
230426583,230429935
230426583,230426805
230426584,230425539
230426571,230426951
230426571,230426709
230426571,230425930
230428828,230428379
230428828,230427218
230428828,230425709
230425955,230425899
230425955,230428868
230429957,230428090
230427738,230427659
230429291,230429586
230429291,230426208
230427704,230428388
230429963,230426148
230429963,230428586
230428241,230426993
230428241,230428724
230428061,230427850
230427675,230427332
230427675,230425641
230427850,230428054
230427850,230425583
230427606,230426757
230427606,230429522
230427606,230425058
230427606,230425921
230427592,230427850
230427592,230429398
230429172,230425930
230429241,230427946
230429241,230429016
230429903,230429398
230425163,230427234
230425741,230427675
230428003,230426148
230428003,230425606
230428003,230426669
230428003,230425921
230425745,230426757
230427343,230429054
230427343,230427608
230427343,230427582
230427343,230426948
230427218,230429045
230427218,230429291
230427218,230425684
230429522,230426051
230429522,230428336
230426763,230425185
230426757,230426104
230429823,230425675
230429972,230426999
230429972,230425447
230429054,230426732
230429149,230425135
230428489,230429469
230428489,230425002
230427519,230425034
230427409,230426208
230426674,230428198
230426674,230429986
230426674,230428347
230428943,230426934
230425709,230427811
230425709,230428965
230425623,230429687
230428882,230428054
230428090,230427628
230429398,230426035
230429398,230425034
230429398,230429831
230428918,230425942
230428918,230428325
230425482,230426085
230427315,230429173
230426289,230428995
230428329,230427304
230429586,230426805
230429624,230428375
230425413,230427058
230425413,230427608
230425413,230425198
230426993,230429687
230428957,230427659
230428957,230427541
230427572,230427287
230429605,230428392
230429605,230427103
230429605,230429586
230428359,230427811
230426208,230426818
230427946,230427266
230427946,230426534
230429105,230425318
230425827,230425606
230425827,230427659
230426805,230426104
230426035,230425795
230426035,230429185
230427659,230429045
230427205,230429229
230426840,230425918
230428388,230426550
230428379,230427290
230428379,230427784
230428379,230426208
230428392,230425899
230428163,230425145
230427912,230427608
230429355,230426092
230429355,230427304
230426550,230425482
230426550,230428347
230426085,230427599
230426085,230426126
230429548,230427519
230429548,230426565
230429548,230425140
230427562,230426818
230427078,230425140
230427078,230427858
230427913,230428882
230427913,230426861
230427913,230425930
230427069,230427756
230427069,230426085
230427070,230427811
230427070,230429939
230427582,230427058
230427149,230426386
230427149,230426785
230428586,230427308
230428586,230427659
230425318,230429935
230425318,230426840
230425318,230428804
230427811,230425623
230427811,230428337
230427811,230426126
230425140,230428804
230425140,230427659
230426893,230429935
230426070,230427557
230425606,230429238
230425606,230426386
230425606,230429398
230428891,230428575
230428891,230426890
230426533,230426085
230426533,230427599
230426533,230427668
230426533,230426339
230426092,230427784
230426092,230425077
230425795,230428198
230425795,230426154
230427557,230426224
230429469,230425482
230429469,230428489
230427103,230429398
230427994,230426785
230427994,230428090
230429238,230426517
230429238,230427409
230429238,230428610
230427266,230427668
230427266,230425623
230427266,230425413
230425079,230429185
230429926,230426126
230428375,230426550
230429045,230428882
230426609,230428882
230426609,230427149
230426756,230427811
230426339,230426785
230426339,230426154
230426331,230427519
230429834,230425837
230427608,230428353
230425899,230427131
230426104,230428325
230426116,230428301
230428054,230427557
230425046,230427858
230428347,230427078
230427784,230427557
230427135,230426609
230427135,230426618
230427135,230425077
230429550,230426960
230429550,230429469
230426386,230426840
230426386,230428198
230426386,230428163
230428804,230426609
230428804,230429687
230428804,230425710
230428804,230426061
230425135,230426890
230428353,230428965
230425921,230427149
230425925,230425140
230425925,230425077
230425074,230427266
230425930,230427779
230425058,230429622
230425058,230428800
230425058,230425002
230429935,230427409
230429935,230425837
230429935,230429605
230427046,230428995
230425002,230428697
230425002,230427628
230425002,230428905
230426879,230428866
230425034,230427541
230429986,230426833
230429986,230427560
230425824,230426010
230429939,230428301
230425077,230426869
230426861,230429564
230426861,230429185
230426861,230427494
230426861,230427304
230427287,230427401
230427290,230428866
230426869,230426061
230426869,230426016
230425918,230427599
230425918,230427302
230425918,230425272
230425918,230427798
230427779,230428995
230427628,230429146
230427628,230427058
230427628,230426620
230427628,230425159
230427131,230425093
230428800,230426726
230426618,230425416
230429687,230429185
230429537,230427855
230428637,230426284
230428637,230428599
230428637,230427046
230428198,230426934
230426109,230427046
230427245,230425470
230427304,230425942
230426934,230425077
230426934,230427917
230429229,230426510
230429229,230429705
230429229,230427486
230429229,230427756
230425093,230426284
230429173,230425144
230427599,230428965
230427756,230428160
230427756,230427104
230427756,230426010
230428610,230425416
230428610,230428440
230428610,230429659
230428610,230429705
230426126,230425470
230429831,230426696
230429509,230428842
230427804,230426501
230426620,230429173
230426833,230425145
230428301,230426618
230428301,230425942
230428301,230426934
230428301,230427304
230426960,230429572
230426960,230425516
230426960,230425710
230425159,230425077
230428440,230427401
230426785,230426284
230426785,230425002
230428995,230427855
230428995,230427585
230428995,230425272
230428995,230426335
230427249,230425083
230426154,230427855
230428575,230427483
230428575,230426574
230429705,230428057
230429705,230426869
230428866,230426618
230425710,230427168
230425710,230425514
230425198,230426154
230428337,230427290
230429817,230428965
230429817,230425416
230427541,230427628
230428697,230428198
230428697,230425824
230426534,230429572
230425429,230428077
230426061,230426284
230426061,230425843
230426061,230425942
230425144,230427640
230425145,230425697
230425145,230427287
230428157,230427494
230428157,230427104
230428157,230427168
230428160,230426818
230427401,230429146
230426818,230428832
230426818,230428995
230426818,230427372
230426818,230426501
230427725,230427489
230427058,230426960
230427308,230425491
230427023,230426934
230427023,230427560
230427023,230426785
230426010,230428057
230426016,230426595
230426016,230427999
230426016,230425083
230427855,230428800
230427855,230425918
230427855,230427023
230427858,230426934
230425837,230426879
230425843,230429124
230426565,230428077
230426565,230427372
230426565,230425720
230429622,230425033
230425416,230427372
230427366,230427804
230427366,230427308
230428965,230425478
230428965,230425610
230428965,230428056
230426224,230426890
230429745,230427304
230429745,230426510
230429745,230427058
230428077,230427560
230428083,230426871
230428083,230428077
230428083,230425618
230428083,230427880
230427668,230428866
230426696,230429509
230428947,230427494
230428947,230426833
230429403,230427999
230428325,230429817
230426517,230429877
230427991,230428198
230427991,230427541
230427991,230426574
230427564,230427290
230429417,230426016
230429417,230427639
230426689,230426224
230426689,230428905
230426689,230428866
230426689,230429705
230426890,230426879
230425942,230425710
230429185,230426126
230429185,230426335
230429185,230426534
230429998,230426501
230429998,230429145
230429998,230428404
230429588,230428383
230429591,230426527
230429591,230429877
230429591,230427483
230426510,230428603
230427372,230427950
230427372,230425240
230427372,230429564
230426852,230428404
230425083,230426510
230429145,230426510
230429564,230425720
230429564,230425820
230429564,230427302
230425412,230426335
230425412,230425325
230425412,230429991
230425470,230426663
230425478,230429035
230427489,230425391
230427486,230425391
230427483,230425911
230427483,230428121
230427880,230427999
230427880,230425781
230426525,230425714
230426525,230428057
230426525,230425589
230429572,230428780
230429572,230425478
230425867,230425737
230425870,230425720
230428404,230425793
230428306,230426475
230425491,230427772
230429124,230425059
230429124,230428112
230429264,230425714
230429894,230427494
230428209,230427483
230428209,230425820
230428209,230425870
230429146,230429517
230427515,230427483
230427950,230427911
230427950,230427726
230427950,230425870
230427999,230427984
230427999,230426496
230427999,230428714
230425514,230428818
230425514,230426413
230425514,230426465
230429058,230426413
230427639,230427984
230426935,230429600
230427204,230429572
230427640,230428786
230428842,230429922
230428832,230429910
230429659,230429190
230429659,230426930
230426595,230426871
230426985,230425657
230426985,230428383
230426985,230429022
230427585,230426852
230427585,230429287
230427585,230427397
230427585,230429877
230428599,230425470
230426335,230429035
230426335,230427880
230427302,230428714
230427302,230426574
230427302,230429777
230428057,230428306
230428056,230425546
230425516,230425657
230425516,230426385
230425516,230428924
230425516,230425948
230429287,230425846
230429877,230427397
230426574,230425610
230426574,230428924
230426284,230429492
230426284,230425451
230425697,230429591
230425288,230429145
230425272,230429991
230429480,230428714
230425714,230426796
230425714,230428332
230425714,230429797
230428899,230428332
230428899,230428905
230428899,230426985
230428905,230426796
230429474,230426384
230425312,230429492
230427104,230427488
230427104,230425948
230425720,230425352
230429777,230427486
230425033,230428137
230425033,230427302
230425033,230425446
230429991,230428332
230429991,230428383
230429991,230427942
230425610,230425697
230427917,230428009
230427325,230425391
230427494,230429124
230426871,230425478
230426501,230427188
230425446,230428057
230425446,230429572
230427798,230426796
230428236,230429376
230427168,230427950
230428137,230428803
230425244,230427726
230425244,230425212
230425244,230429480
230425240,230428306
230425240,230428765
230425240,230425514
230425618,230425714
230425618,230426574
230425618,230427942
230426726,230427560
230427560,230429998
230427560,230426335
230426413,230426702
230425105,230425954
230425105,230429492
230425105,230426507
230425105,230426753
230429982,230429631
230429982,230428994
230429600,230429356
230425820,230429126
230425820,230428786
230425820,230428970
230426799,230429638
230426796,230429631
230428426,230425939
230428819,230426702
230427397,230426378
230427397,230428765
230428803,230426908
230428803,230428714
230428803,230427571
230428009,230429044
230427772,230427510
230427772,230426895
230426385,230428970
230426385,230427694
230429126,230429922
230429126,230426496
230429126,230428474
230427726,230425835
230427726,230426287
230425853,230427707
230426908,230428078
230426908,230425105
230426908,230426868
230427469,230425309
230427469,230427747
230425851,230425546
230429891,230429797
230428780,230425231
230428780,230429638
230428780,230429517
230428786,230427747
230428786,230427851
230428786,230428069
230426433,230426895
230426433,230426710
230426846,230425954
230426846,230428474
230426549,230428708
230426549,230426702
230429638,230426753
230425391,230425059
230426465,230427187
230429910,230429782
230429254,230425325
230429254,230427416
230429254,230425451
230426828,230425631
230426828,230425352
230428383,230429126
230428752,230428819
230428752,230429254
230428752,230429631
230427984,230429645
230427984,230429273
230426507,230425631
230425059,230425307
230425059,230429631
230425059,230425573
230425059,230425325
230428714,230425793
230428765,230428780
230428765,230425391
230428765,230426799
230428765,230426796
230426527,230426243
230426475,230426911
230427488,230426995
230429970,230425835
230429922,230427685
230425451,230428974
230425451,230429356
230425451,230429891
230425451,230426413
230425325,230429126
230427805,230427707
230429504,230429922
230428296,230428994
230427685,230429600
230427685,230429631
230429035,230427397
230429035,230425851
230429035,230429302
230429022,230428623
230429022,230429631
230429022,230429487
230429022,230429922
230429527,230428786
230429527,230428121
230427747,230427610
230426058,230428296
230426058,230425631
230425793,230429237
230425793,230429003
230425793,230426995
230428121,230429590
230428121,230429277
230427646,230429917
230425546,230428754
230425546,230426895
230425546,230429126
230429517,230427416
230429517,230425068
230429517,230429782
230429517,230426572
230427188,230428974
230427188,230427955
230428112,230429487
230425781,230425546
230426112,230429527
230426112,230427726
230429302,230427329
230428818,230429917
230429284,230425820
230426895,230428818
230429103,230427233
230429534,230426287
230425846,230427469
230425846,230426243
230425846,230426930
230429112,230427329
230429112,230425260
230428603,230429517
230426378,230426527
230426378,230427010
230426378,230425391
230425352,230427707
230426384,230427416
230426384,230429112
230429356,230428708
230425212,230427010
230425212,230427977
230427085,230428924
230427085,230429590
230427085,230427851
230429753,230426702
230429753,230426846
230429753,230428806
230426663,230429778
230426663,230426804
230426663,230426828
230429797,230425954
230428332,230425954
230428332,230425085
230428332,230427830
230428332,230428714
230429003,230427646
230427942,230427830
230427942,230427911
230427942,230428708
230427942,230428752
230428974,230428603
230425737,230428332
230425737,230425307
230425737,230425352
230426768,230426287
230426930,230426908
230425589,230429273
230425589,230429052
230425589,230427977
230429737,230427977
230429737,230425451
230429737,230428474
230427911,230428338
230427911,230425212
230427911,230428558
230427911,230425059
230428902,230426058
230428902,230426354
230428902,230429052
230425637,230425231
230428934,230426868
230428924,230425781
230428924,230429517
230426261,230428754
230426261,230426514
230426261,230428009
230425657,230429357
230425231,230426804
230425231,230426710
230426710,230427233
230426710,230428559
230426710,230427510
230426710,230429600
230428516,230429922
230428516,230429782
230428516,230428558
230428516,230427646
230428475,230428924
230428475,230429022
230428475,230425781
230429376,230426406
230426243,230428959
230427707,230429590
230426496,230428559
230425911,230428954
230429492,230428112
230429492,230429631
230429492,230428558
230429487,230426527
230429190,230428332
230426876,230426541
230425954,230429052
230425948,230426496
230425948,230426895
230425948,230428818
230425948,230429003
230425963,230426462
230427851,230425222
230427510,230429542
230427510,230429199
230427510,230428852
230425068,230428559
230428708,230428442
230425939,230427757
230425939,230427416
230425260,230428202
230425260,230427757
230427571,230426351
230425631,230428758
230427329,230427807
230427574,230426612
230427574,230429677
230426995,230426777
230426995,230426662
230426995,230428997
230428954,230428183
230428954,230429610
230428954,230426541
230428954,230428202
230426239,230425835
230426239,230427955
230425043,230429626
230425043,230426612
230425043,230426662
230429778,230428970
230429782,230429031
230429782,230429784
230427416,230426351
230425705,230426492
230425705,230429560
230425705,230426287
230425705,230429274
230426702,230426091
230428959,230428093
230428959,230427920
230428959,230428852
230428959,230427416
230426662,230425222
230426662,230426585
230426662,230428658
230426662,230425452
230428078,230426913
230428078,230425651
230428078,230429389
230428970,230429052
230428970,230429277
230428970,230428897
230428970,230426514
230426287,230427961
230429076,230428970
230429076,230426349
230426099,230426804
230429052,230427621
230429542,230426276
230429542,230428078
230429542,230427385
230429542,230429701
230426612,230428661
230426612,230428806
230426612,230428101
230426612,230426702
230427536,230429610
230427807,230426572
230427807,230427956
230426342,230426305
230426342,230429542
230425573,230428559
230428202,230429626
230428202,230428930
230429044,230426349
230425760,230429724
230425749,230426541
230427680,230428291
230427187,230429778
230426354,230426286
230426354,230429277
230428069,230425651
230428069,230427830
230429362,230427920
230429362,230427851
230428474,230425573
230428474,230427868
230426753,230426462
230426753,230427416
230426753,230427730
230427830,230428377
230427830,230425085
230427830,230426662
230427830,230429751
230429819,230428658
230428565,230429555
230428559,230427230
230428558,230428754
230427233,230426351
230427233,230428897
230427010,230429819
230427010,230425749
230427012,230427621
230429357,230428291
230425307,230425085
230425307,230428011
230429808,230426099
230429808,230426354
230428338,230427230
230428338,230427313
230428338,230427574
230426913,230428011
230426913,230425007
230426913,230428567
230426911,230428970
230426188,230428852
230425309,230427416
230428994,230426349
230428994,230428525
230427550,230429389
230428587,230425631
230427977,230429273
230428093,230429277
230428093,230429784
230428093,230428202
230426546,230429701
230426546,230426188
230428291,230427426
230428291,230426305
230428291,230427730
230429631,230427385
230429631,230429645
230426541,230426305
230426541,230427680
230425085,230425608
230425085,230427012
230426514,230426188
230429917,230427230
230425885,230426342
230429590,230429852
230428754,230428351
230428754,230425651
230428754,230427956
230429237,230428338
230429237,230428661
230427384,230429273
230427384,230429044
230427055,230427631
230427955,230425974
230427955,230425068
230427955,230425249
230428623,230426868
230425374,230425596
230428806,230427610
230428806,230428930
230428806,230427233
230426804,230428970
230426804,230428202
230429273,230429542
230426572,230426503
230428661,230425085
230429645,230425374
230429645,230429044
230425835,230426286
230426585,230426503
230427694,230429938
230429277,230425703
230427610,230428806
230427610,230427013
230426406,230428768
230426406,230428183
230426406,230428929
230427313,230429628
230429948,230428481
230429948,230426725
230429948,230428365
230425007,230426938
230425007,230425882
230428567,230425596
230428567,230429620
230429724,230426262
230429724,230428011
230429724,230425348
230426276,230425601
230426276,230427002
230428897,230429724
230428897,230429560
230428897,230425286
230425286,230425601
230429389,230427385
230429389,230426054
230429389,230426897
230425703,230429402
230427230,230425671
230428011,230427749
230428011,230428305
230428481,230425854
230425222,230429701
230429784,230426305
230429784,230427749
230429784,230428081
230425651,230428442
230425665,230427920
230425665,230425007
230425249,230425247
230425608,230426856
230429409,230425608
230425671,230425522
230426286,230426172
230426286,230428571
230426286,230426980
230426725,230426854
230429938,230426305
230427618,230425882
230427618,230426461
230427618,230427970
230427618,230425348
230425974,230428533
230427426,230427118
230428533,230427956
230427002,230428039
230428929,230425253
230428929,230426854
230428930,230428377
230428930,230428824
230428930,230426029
230428525,230428481
230425252,230428183
230427757,230428354
230427757,230429751
230429677,230429589
230429677,230427492
230425348,230429303
230429852,230428997
230428442,230425321
230428442,230428897
230427202,230426026
230425792,230426462
230425792,230429346
230426091,230429852
230429544,230426639
230426351,230425321
230426349,230428417
230426777,230428502
230427237,230427081
230427237,230427134
230427237,230429576
230428852,230428493
230428852,230427941
230428852,230425252
230429031,230428264
230429701,230428068
230426305,230429544
230426305,230429675
230426305,230429199
230426305,230429589
230425596,230425222
230429751,230426602
230429751,230428442
230429751,230425854
230425601,230428567
230425601,230429784
230425601,230428997
230427013,230425651
230427013,230429610
230429030,230428365
230429030,230426349
230428997,230425882
230428987,230427251
230428183,230429678
230427920,230428533
230428230,230425601
230428230,230428442
230429199,230429389
230429199,230426856
230426503,230429620
230426492,230426791
230427958,230428019
230427961,230428369
230428787,230429757
230429274,230426897
230427251,230426938
230427251,230427118
230426026,230429620
230426026,230428533
230427970,230427961
230429560,230429199
230429560,230425608
230429555,230427631
230429555,230427958
230429555,230426984
230425508,230428204
230425508,230429222
230425508,230426026
230427956,230428481
230428658,230425321
230428658,230426856
230428351,230428987
230427730,230429029
230427730,230426276
230428758,230426006
230428758,230425290
230427631,230429525
230427631,230428852
230428264,230426029
230428264,230427757
230426462,230425222
230426462,230427631
230427385,230429029
230429626,230425450
230429570,230428204
230429570,230428592
230429570,230429122
230428768,230428758
230428768,230429555
230425882,230429560
230425882,230429031
230428377,230429450
230427379,230426262
230427868,230425222
230427868,230428557
230428365,230427621
230428369,230425704
230425452,230429389
230425452,230428929
230425452,230426462
230426856,230429274
230429610,230425247
230429610,230425050
230429589,230428533
230429589,230425408
230429589,230426006
230425450,230429678
230428824,230427749
230427621,230427609
230428101,230425050
230428101,230425348
230428101,230428011
230425050,230427935
230426897,230429741
230428354,230425765
230428354,230428204
230428417,230425319
230426791,230428021
230426791,230426027
230428039,230429708
230428449,230426461
230427749,230429014
230425176,230428151
230427152,230429839
230427152,230426225
230427152,230427932
230425321,230427679
230425300,230427455
230425290,230429347
230425290,230427896
230425290,230429880
230429757,230428129
230425253,230429303
230425247,230428129
230425247,230425615
230427165,230429839
230427165,230429620
230428019,230427666
230428502,230426841
230428493,230426006
230428493,230429029
230426658,230425956
230428557,230429880
230428557,230427272
230426639,230425040
230428571,230429757
230428571,230425696
230428571,230427573
230428068,230428103
230427139,230427057
230427134,230427507
230427134,230426444
230429628,230429346
230429647,230427915
230429672,230425615
230429678,230429385
230429675,230426984
230429675,230429346
230427113,230425740
230429576,230429222
230425408,230426980
230429620,230425696
230428152,230426791
230428592,230426658
230428592,230428305
230426602,230426841
230426602,230427139
230428657,230426421
230427350,230429449
230427987,230425023
230425591,230427987
230427815,230425050
230429525,230425956
230427609,230426910
230427609,230429809
230427609,230425704
230425522,230426172
230427118,230426639
230428081,230427118
230428081,230427171
230428081,230428761
230428081,230425615
230425677,230428613
230429450,230427299
230427573,230428194
230428316,230427821
230428316,230429647
230426938,230427609
230426938,230427833
230426461,230425023
230426461,230429014
230426461,230429450
230428781,230429222
230428781,230428738
230428305,230426366
230429347,230429029
230429347,230427506
230429346,230428081
230429346,230427750
230425740,230426435
230425740,230429303
230429368,230427526
230429360,230427789
230425704,230428239
230425704,230429346
230425704,230429757
230429402,230426348
230428204,230427676
230428204,230425740
230425854,230426938
230429303,230428159
230429303,230429863
230429303,230425253
230427081,230425495
230426366,230429846
230426366,230426338
230426366,230426854
230426359,230425956
230426359,230428272
230426359,230428254
230426359,230429028
230426984,230425082
230426984,230428068
230426984,230428417
230426984,230429402
230429222,230428941
230427507,230429851
230427501,230429477
230427501,230429450
230427492,230428326
230427492,230427609
230427492,230427350
230428254,230427455
230426027,230428735
230426027,230427609
230429122,230426897
230426006,230425854
230426006,230428518
230426006,230429183
230425956,230429628
230429183,230427833
230429183,230426639
230427037,230427272
230427037,230426658
230426980,230426088
230427941,230429318
230426265,230428092
230426262,230429385
230426054,230426850
230426029,230428414
230426029,230427029
230426029,230427565
230426029,230429678
230427032,230428071
230427032,230425883
230427032,230426791
230427915,230427676
230427915,230428502
230427915,230428039
230428941,230427831
230428941,230428239
230428941,230427396
230428941,230428621
230427925,230428571
230427925,230426029
230427925,230427702
230426172,230428272
230426172,230427037
230426172,230428941
230429029,230425765
230426888,230426602
230426888,230427676
230426888,230425704
230428372,230427702
230428372,230426421
230428372,230428326
230426854,230425321
230426841,230425522
230426841,230425765
230426841,230428086
230429851,230427360
230429851,230429183
230429851,230425023
230429851,230429347
230428103,230429809
230428103,230428402
230428103,230429307
230425023,230425473
230425082,230427717
230425082,230428445
230425082,230428613
230429912,230426798
230429863,230427542
230429863,230427935
230429863,230427398
230429880,230426407
230429880,230427506
230429880,230427396
230427702,230427896
230427702,230429846
230427689,230428140
230427689,230427907
230429846,230428132
230429846,230429880
230429846,230428456
230429839,230428613
230427244,230428727
230427244,230425906
230429013,230428518
230429013,230427312
230429013,230425319
230429014,230425967
230429014,230425023
230428043,230428413
230427272,230427750
230426850,230425698
230428092,230425967
230427717,230428506
230426258,230426435
230428239,230429491
230428239,230425883
230428239,230427565
230427935,230427816
230427935,230426255
230426338,230426211
230426338,230426902
230427932,230427833
230426088,230429664
230426088,230427843
230429087,230426348
230429028,230427475
230429028,230427396
230429082,230427526
230429082,230429162
230427029,230427821
230427415,230428727
230427415,230426531
230427415,230428110
230428272,230427634
230426225,230428518
230426225,230429912
230426217,230425888
230426217,230427029
230426217,230428043
230428928,230427932
230427455,230429307
230428282,230427509
230425698,230428445
230425698,230428129
230425698,230427844
230425698,230429821
230427057,230428402
230425696,230425384
230425826,230427398
230425826,230427361
230425826,230428043
230429318,230426225
230426444,230429825
230426444,230427396
230426444,230427816
230426444,230428761
230428775,230426338
230428735,230426375
230426435,230429476
230426435,230428103
230426435,230427821
230425765,230428239
230428286,230429706
230428286,230425480
230427821,230428156
230429385,230429063
230429385,230425888
230428738,230428282
230428738,230425166
230428761,230428445
230428761,230427542
230427506,230428447
230427506,230426258
230427506,230425986
230426348,230427932
230426348,230429082
230427396,230429664
230427396,230428456
230427396,230429452
230426421,230429912
230426421,230427361
230426407,230426988
230426407,230425237
230428841,230426531
230427854,230428119
230427854,230426953
230427854,230426258
230427526,230428727
230427526,230426266
230429231,230425005
230425883,230427843
230425889,230428948
230425986,230427415
230425986,230429684
230427250,230425480
230427896,230425128
230428194,230427831
230428194,230428472
230425794,230426258
230425794,230425765
230425777,230427831
230427789,230425026
230427789,230425777
230427634,230427717
230428071,230425826
230428071,230428159
230428518,230426789
230428518,230428414
230427666,230425920
230427666,230425495
230428021,230427844
230428021,230425422
230428021,230428071
230427310,230426225
230428506,230428161
230428506,230429305
230426910,230428948
230425369,230425986
230425369,230428161
230427360,230427831
230426506,230425794
230425040,230427179
230427669,230425422
230429741,230426902
230429708,230428110
230429708,230426420
230429708,230429582
230425319,230426420
230427171,230427455
230427679,230427312
230427676,230427932
230427676,230427662
230427676,230427666
230427676,230426530
230427750,230426421
230427299,230425425
230428413,230425422
230425005,230427361
230425005,230426902
230425005,230429087
230428414,230429582
230428129,230425422
230428447,230427831
230428447,230429897
230428447,230429880
230429809,230429028
230425340,230427398
230428613,230425985
230428613,230428506
230428613,230425883
230428151,230427310
230428151,230425040
230425495,230429397
230425495,230427813
230425495,230427669
230425495,230429684
230429497,230427455
230429497,230428194
230429497,230429582
230428326,230427250
230428621,230428043
230428621,230426338
230428621,230427847
230428621,230428156
230428086,230425967
230428159,230426936
230427565,230429014
230427565,230426444
230429449,230425794
230429397,230429028
230427833,230429397
230427833,230427907
230425615,230426530
230427831,230425422
230427831,230429082
230427831,230427312
230427831,230427689
230429476,230425594
230426530,230428159
230426530,230426088
230426530,230428132
230426530,230427539
230427595,230425473
230425562,230428472
230425562,230428445
230425562,230425888
230425562,230427565
230427816,230428129
230427816,230426444
230429477,230425594
230428275,230425950
230428275,230427863
230428275,230427839
230427398,230429664
230428932,230426821
230428295,230425866
230426079,230427962
230426079,230429625
230427462,230427236
230426211,230428952
230428948,230426375
230428948,230427312
230428948,230426213
230427475,230426213
230427014,230429890
230426255,230425888
230427907,230426211
230428718,230426456
230428756,230428156
230428756,230426375
230426456,230427166
230425768,230426508
230427542,230426418
230427539,230428932
230429305,230427813
230429377,230425026
230427847,230425473
230427844,230426318
230427844,230425329
230427844,230425026
230427844,230427293
230427843,230425924
230429326,230429908
230429326,230426997
230426953,230425617
230429307,230427236
230429307,230428727
230429307,230426953
230429162,230428460
230425985,230425656
230425985,230426745
230425985,230425330
230425888,230425715
230429236,230428935
230429236,230427658
230427863,230425934
230427863,230425156
230429188,230428362
230429188,230425594
230425967,230425617
230425950,230428119
230427509,230429582
230427509,230425122
230427509,230428402
230425906,230429475
230428834,230427179
230428834,230429611
230428834,230428972
230426375,230429821
230426988,230426802
230425920,230429436
230426394,230428639
230428836,230425329
230427962,230426842
230427962,230428275
230427962,230425371
230427962,230429326
230426420,230425415
230428972,230429102
230428972,230428935
230428972,230429861
230428972,230426255
230429063,230426654
230429063,230429174
230429102,230425934
230426141,230426309
230428402,230426562
230427722,230425016
230427722,230426902
230426802,230429706
230426802,230427869
230426802,230426079
230429897,230426402
230429897,230428119
230429897,230425026
230429886,230426347
230429919,230428756
230429997,230429709
230429997,230425371
230425128,230428756
230426902,230429684
230428363,230429897
230428363,230429400
230428049,230428445
230428049,230429437
230428049,230425384
230426266,230425768
230426266,230428948
230426569,230426213
230426569,230425371
230427359,230426953
230427359,230429919
230427361,230427863
230427361,230428119
230429491,230428180
230426531,230426997
230426531,230427630
230425594,230427658
230428161,230425584
230428161,230428460
230429452,230428728
230429452,230426255
230429452,230428445
230429452,230429997
230425656,230425906
230429475,230425384
230428727,230427398
230428156,230426745
230427813,230426562
230426936,230426988
230426936,230429305
230426936,230426539
230426936,230426179
230429611,230429897
230427662,230429625
230427662,230427236
230428460,230428293
230428460,230428433
230428460,230428917
230427312,230427300
230427312,230426902
230427312,230426394
230425384,230429174
230429664,230427179
230429684,230428469
230429684,230426364
230429684,230426531
230427658,230429664
230427658,230425122
230428140,230426211
230428140,230429908
230425425,230426221
230425424,230425415
230425424,230429063
230425422,230425424
230429582,230427497
230425480,230426936
230425473,230429580
230425473,230425217
230425329,230425128
230425330,230425656
230429825,230428972
230429821,230425823
230429821,230429890
230427179,230426108
230427179,230425924
230427179,230426936
230425166,230427847
230428119,230429369
230428119,230429236
230428119,230427066
230429709,230428433
230429706,230426211
230429706,230427509
230425237,230428472
230425237,230425617
230425237,230429452
230428445,230428756
230428445,230428363
230428472,230428096
230426927,230426402
230428132,230427839
230426789,230426562
230428456,230425594
230426798,230428362
230428110,230429452
230428110,230426936
230428110,230429897
230425026,230429902
230425026,230427097
230425016,230427162
230428096,230428433
230428096,230428975
230428096,230427300
230425008,230427948
230425008,230425584
230425080,230427097
230425080,230425842
230425866,230425156
230425866,230427166
230427166,230428362
230427166,230429158
230425217,230427465
230427859,230426330
230428293,230425724
230428293,230429437
230428293,230426821
230425823,230426213
230426997,230429004
230426997,230426552
230426997,230426221
230427066,230428099
230429275,230427522
230428319,230425842
230428362,230429429
230427735,230427031
230427727,230425934
230427869,230426866
230427533,230426539
230425787,230425577
230428433,230425523
230425266,230427378
230425266,230426347
230425266,230426508
230425266,230425457
230429762,230428846
230427671,230426904
230427671,230427963
230426821,230428469
230426821,230426622
230428342,230426928
230428342,230425233
230427472,230426631
230427472,230425567
230425934,230429968
230425934,230426418
230425934,230427300
230426047,230426275
230429174,230426821
230429174,230428618
230428469,230427378
230428469,230429275
230426745,230428878
230426745,230428846
230425385,230428096
230426654,230426821
230428550,230428846
230425715,230425578
230428554,230429661
230428975,230426821
230429369,230426179
230426108,230427869
230426108,230428618
230429067,230425457
230429067,230426402
230429067,230429828
230426562,230428618
230426562,230426724
230426562,230427860
230428935,230429423
230428935,230427465
230426275,230425501
230428917,230427300
230428917,230428189
230429004,230426631
230426528,230428517
230426539,230427727
230425501,230428180
230429012,230428846
230429012,230427839
230426309,230429630
230429623,230428878
230429625,230425934
230429625,230428617
230425421,230425842
230425421,230425567
230425371,230427746
230427630,230425008
230425415,230427424
230425415,230428142
230429158,230427727
230427465,230428878
230427300,230429762
230427300,230425008
230427839,230426382
230427293,230426108
230427293,230428757
230428639,230426724
230428617,230429437
230426179,230426275
230426179,230428646
230426179,230425381
230428952,230426309
230428952,230425567
230426508,230425855
230426508,230429423
230426508,230429941
230428705,230426221
230429436,230426275
230425627,230425123
230429463,230428045
230425617,230428362
230425584,230426402
230428799,230429580
230428799,230426664
230428799,230428032
230429437,230426418
230425924,230426364
230426347,230428798
230426364,230429429
230426318,230428189
230428878,230426246
230426418,230428705
230427740,230428319
230427740,230426317
230427097,230429174
230427097,230429625
230429580,230427497
230429580,230428428
230428180,230425099
230428180,230426062
230428180,230428293
230427236,230427927
230429893,230428512
230425122,230429828
230425156,230426347
230425156,230426317
230429902,230425501
230429908,230427727
230429861,230426377
230427162,230427241
230427162,230428798
230427162,230425197
230429890,230429463
230429890,230426330
230427497,230426275
230427497,230427630
230427497,230427241
230426382,230428319
230426382,230427617
230427522,230429902
230425545,230425421
230429515,230429553
230429515,230428433
230425578,230428745
230425578,230427424
230425578,230429430
230425457,230425381
230426221,230426309
230426213,230425233
230426402,230429369
230426402,230428617
230428728,230426455
230428728,230427963
230429400,230429319
230429400,230426347
230429400,230428362
230429400,230428798
230427617,230428293
230427617,230425415
230427617,230428082
230425291,230429304
230425293,230429506
230425381,230427153
230426904,230428428
230429114,230426904
230429114,230427281
230425926,230426246
230425201,230427031
230425018,230429496
230425018,230425291
230425018,230426664
230427860,230429141
230426866,230425028
230427744,230429108
230427744,230428249
230427744,230428846
230427746,230429341
230429828,230426111
230425197,230426330
230428358,230428060
230428358,230426928
230426886,230427080
230426886,230426875
230428045,230426098
230427241,230426111
230427728,230427744
230427728,230426875
230427728,230425291
230429968,230427744
230429968,230428189
230429968,230429661
230425011,230427156
230425011,230426477
230428113,230425466
230426552,230425687
230426552,230425855
230426552,230428113
230428512,230427156
230428685,230428045
230426695,230426600
230429553,230426513
230425515,230428547
230425515,230428646
230425515,230427080
230429019,230425466
230425724,230428041
230427554,230429072
230426664,230427894
230426664,230427080
230426631,230425197
230426631,230427424
230426631,230428142
230428976,230425087
230428976,230428253
230428976,230426635
230429072,230426691
230429072,230429272
230426062,230429713
230426153,230429117
230426153,230427576
230426772,230425875
230426772,230427860
230428032,230428745
230428032,230426635
230429100,230428931
230429100,230426614
230429100,230425515
230425995,230428113
230426002,230429862
230426002,230425402
230425855,230426671
230425855,230425875
230425855,230425402
230428463,230428618
230426724,230426513
230426724,230429423
230426724,230427241
230426724,230427086
230428040,230428931
230428040,230425362
230428040,230429864
230428040,230429984
230429630,230427948
230428428,230425381
230428517,230425362
230425403,230428618
230425403,230427216
230429661,230427335
230429661,230426377
230425362,230426391
230425362,230429214
230425362,230429575
230428618,230427305
230426622,230425466
230426622,230426095
230426622,230428102
230425123,230426481
230428189,230429502
230428189,230426735
230427038,230428032
230427031,230425423
230427031,230426875
230427031,230429304
230425842,230426684
230425842,230427952
230428273,230429865
230429319,230425926
230429319,230425045
230429304,230428099
230429304,230428358
230426928,230426631
230425233,230429864
230425233,230425957
230429941,230428099
230429941,230426865
230429941,230426631
230428099,230427305
230425014,230427591
230427371,230429865
230427948,230426875
230427948,230427216
230427927,230426513
230429423,230428102
230428646,230426513
230428745,230427243
230428745,230427554
230428745,230428517
230428798,230427086
230427368,230426614
230427368,230425523
230427368,230429025
230427368,230427156
230426250,230425291
230427378,230428189
230427378,230426317
230427378,230428646
230427963,230426515
230428757,230426502
230428757,230429429
230426455,230429429
230429429,230428745
230429429,230426250
230429430,230426691
230429506,230428041
230425523,230426904
230425577,230429630
230425577,230429496
230425567,230425014
230425567,230426635
230426377,230428616
230426377,230429865
230429214,230428863
230429214,230429703
230428846,230427216
230428846,230426928
230428846,230425180
230426330,230428685
230426330,230425402
230426330,230425614
230426317,230425028
230426502,230426377
230426246,230426904
230427952,230428863
230427952,230427216
230428946,230427031
230427424,230429742
230428082,230429009
230428082,230427809
230428142,230427153
230429864,230425752
230429864,230429657
230427153,230425375
230425099,230425659
230425103,230428863
230425087,230429630
230425089,230427534
230425096,230425929
230427216,230426671
230427216,230429536
230427216,230425900
230429865,230427253
230429862,230425766
230427156,230428387
230428181,230427183
230428171,230429191
230425875,230429025
230426391,230429536
230426391,230427273
230428863,230429575
230426415,230429496
230429466,230426921
230429466,230427086
230425614,230429665
230425593,230427305
230425585,230428153
230429496,230428256
230429496,230428153
230429496,230426391
230427812,230425400
230427812,230428168
230427812,230428322
230426515,230427281
230426515,230426111
230426515,230429176
230426513,230425146
230426513,230428249
230426247,230425957
230427411,230426952
230426233,230429219
230426233,230426521
230426233,230425904
230427809,230425400
230427578,230425957
230426481,230429657
230426477,230426989
230426477,230427787
230427383,230426570
230427624,230425250
230427624,230427998
230427624,230429119
230429502,230425953
230425561,230425951
230427787,230429005
230427787,230428443
230427787,230426891
230427787,230426234
230427598,230426646
230427591,230426189
230428616,230428504
230428616,230427929
230426600,230425303
230425687,230425912
230425659,230425585
230427576,230425088
230427576,230429388
230429009,230426671
230428931,230425895
230426570,230425979
230426570,230427776
230426570,230427156
230429575,230426168
230429575,230429195
230425466,230429191
230426691,230429366
230426684,230425922
230426684,230425752
230427335,230427273
230427335,230427776
230425752,230427273
230425752,230425265
230426111,230429466
230426111,230426185
230426111,230429665
230426111,230426098
230426098,230429801
230426098,230427909
230426098,230429005
230426095,230425069
230426189,230427189
230426671,230425585
230428547,230429176
230428547,230426434
230426635,230427261
230426614,230427929
230429657,230428854
230425423,230426989
230425402,230426958
230425402,230427383
230427776,230425585
230427305,230426515
230427305,230428171
230427305,230426529
230429117,230426181
230429141,230425045
230429141,230425766
230429141,230429969
230429159,230429176
230427875,230428504
230427875,230429366
230429272,230426481
230429025,230428153
230429025,230425096
230429025,230425953
230429025,230425146
230425767,230428171
230425767,230427428
230425767,230427776
230429341,230429108
230429341,230429496
230428473,230425028
230426735,230425089
230426735,230426513
230426735,230425900
230428041,230427929
230428041,230425303
230428041,230427998
230425375,230427428
230429703,230425250
230429703,230427428
230429713,230425305
230425305,230428909
230425305,230426233
230425303,230427086
230429742,230425552
230429742,230428171
230429742,230427061
230429742,230425957
230425265,230429354
230425265,230428360
230425265,230429159
230426865,230425614
230426865,230427578
230426865,230425390
230428387,230428504
230428387,230429025
230425180,230425912
230427846,230425423
230425957,230425303
230425953,230427846
230425943,230426735
230425943,230425875
230425943,230426247
230429196,230429176
230429108,230429865
230427894,230428504
230427894,230428280
230427894,230428443
230426921,230426875
230426891,230426875
230428356,230425752
230426875,230428026
230427281,230425146
230427281,230425729
230428253,230429191
230428253,230428387
230428060,230425547
230428060,230425979
230427253,230429502
230427243,230425550
230427086,230428969
230427086,230428088
230427086,230426875
230427080,230429219
230428249,230427787
230427000,230429366
230427000,230428015
230428322,230429865
230429801,230426181
230425045,230426218
230429984,230425180
230425028,230428611
230427197,230426701
230429992,230428616
230429992,230428088
230428102,230426735
230425048,230429388
230425069,230426822
230425069,230427261
230425088,230426765
230425088,230429178
230425088,230426872
230427183,230427998
230427183,230429227
230427183,230429536
230427189,230429394
230428097,230428026
230425895,230429468
230429969,230428284
230429969,230426872
230425900,230429792
230429191,230429650
230429191,230425030
230429191,230425929
230429195,230427677
230425929,230427899
230425922,230425766
230425922,230427334
230425922,230427374
230425922,230428479
230429219,230428478
230429219,230425550
230429219,230429354
230425912,230425729
230425904,230425191
230425904,230427189
230429176,230429328
230429176,230426218
230429176,230426738
230427534,230429468
230427534,230425250
230427534,230426719
230425811,230428909
230425811,230427568
230425811,230427209
230429278,230429130
230429178,230425030
230429268,230426240
230425951,230426230
230429354,230428153
230425729,230425030
230425766,230425184
230426093,230427375
230426034,230428611
230429119,230426795
230429119,230428667
230429119,230425338
230426024,230427656
230426019,230425951
230425979,230428854
230426168,230428548
230429366,230428153
230429366,230425670
230429366,230429394
230429366,230426989
230429005,230426218
230429005,230428694
230426185,230429673
230426185,230428074
230426185,230427998
230427909,230425142
230426181,230425900
230425477,230429792
230425477,230429749
230425477,230429008
230425492,230429005
230425492,230425951
230426521,230427534
230425493,230427334
230425493,230428465
230426518,230428667
230426518,230428504
230426518,230429635
230427364,230426240
230427364,230426795
230428690,230428854
230427998,230426434
230426442,230425142
230426442,230426470
230426442,230427909
230426442,230426093
230428788,230426234
230428854,230429563
230426398,230425338
230426398,230426880
230426398,230425766
230426434,230426422
230427374,230425550
230427374,230426803
230427374,230428284
230426470,230428909
230427428,230428256
230427428,230428280
230427428,230429353
230426256,230425900
230426256,230429702
230428909,230427280
230428969,230429673
230426230,230429750
230426230,230428769
230426230,230427665
230426234,230427334
230426218,230429219
230426218,230428594
230426218,230427568
230427929,230425454
230427929,230426168
230427929,230428168
230429394,230428667
230429388,230425838
230425670,230427364
230425670,230427453
230425670,230426521
230429635,230427195
230426701,230425929
230426701,230426218
230428542,230428594
230428542,230428074
230428542,230428691
230428542,230426168
230426561,230427656
230427334,230425668
230427334,230425895
230427334,230429688
230426646,230426256
230426646,230426765
230428611,230428969
230426529,230425550
230425552,230428801
230425550,230428691
230425454,230427929
230425456,230426185
230425456,230425337
230425547,230426425
230429536,230427690
230429536,230427909
230429536,230427334
230426958,230427280
230426958,230425668
230426958,230428611
230426958,230425139
230426952,230427364
230425139,230425838
230427280,230425929
230428443,230426529
230429750,230425766
230429750,230426422
230429750,230429563
230429750,230425338
230425273,230425736
230425273,230429415
230425273,230428611
230427273,230429176
230426822,230427280
230426803,230428479
230426803,230426521
230428026,230427364
230428026,230427534
230428478,230429176
230428478,230429325
230428478,230425477
230427140,230427665
230428168,230426164
230429974,230428691
230427209,230426434
230427209,230429668
230429990,230428548
230428153,230426019
230428088,230426170
230428088,230425811
230429702,230427183
230427677,230427665
230428360,230427690
230425225,230426738
230427261,230426218
230425250,230426138
230425146,230425477
230427061,230425069
230427061,230425338
230427061,230425552
230427690,230427209
230428280,230425337
230428256,230425838
230426989,230427364
230426989,230426230
230428284,230429328
230425400,230429749
230425400,230427319
230425390,230426181
230425390,230429388
230425390,230427990
230425390,230427364
230429665,230428542
230428015,230426185
230428015,230427568
230428015,230426425
230428504,230425668
230429646,230429366
230426132,230428115
230429227,230428763
230429337,230427375
230427195,230428341
230425902,230425521
230425902,230428371
230425902,230425453
230425838,230427718
230427528,230429563
230425879,230429260
230425879,230429455
230425879,230428769
230427856,230429227
230425030,230429940
230425769,230428594
230429325,230425742
230426719,230425879
230427319,230425727
230428548,230429413
230428594,230428694
230428594,230428691
230428667,230425886
230428694,230427900
230428691,230429187
230428691,230429171
230428691,230428278
230425521,230429171
230425521,230429415
230425521,230428247
230427990,230425114
230427990,230429563
230428801,230426728
230427568,230426707
230429468,230429830
230429468,230428190
230429468,230429415
230426425,230427605
230426425,230426707
230428769,230429804
230427375,230426738
230426422,230427657
230428805,230425945
230426242,230429752
230427900,230426257
230429415,230428074
230429415,230428778
230427899,230425731
230428919,230429413
230426164,230425886
230426164,230427322
230429008,230425807
230429008,230429688
230427453,230425216
230426170,230428247
230426170,230429187
230428989,230428341
230428989,230426765
230428989,230425521
230425645,230429455
230425645,230429083
230425645,230428162
230429424,230428807
230425668,230425519
230425668,230426937
230429353,230428778
230426138,230425114
230426138,230429668
230425736,230429830
230425736,230429328
230425736,230428247
230429361,230426728
230429361,230428649
230429130,230428164
230429328,230429128
230429749,230425114
230426795,230427322
230427656,230427129
230429739,230429752
230429739,230425838
230429739,230428302
230429739,230425902
230426844,230429039
230426844,230425742
230426844,230425173
230426844,230427771
230428479,230426138
230428479,230425387
230426738,230428371
230426738,230428341
230428465,230427657
230428465,230427568
230426765,230428454
230429650,230428989
230429598,230429752
230429598,230428343
230429598,230429260
230428074,230425685
230428074,230427129
230427665,230425838
230425191,230426436
230425191,230425483
230429792,230425605
230426872,230429743
230426872,230428769
230426872,230425838
230428341,230428162
230425184,230425264
230425184,230425453
230426880,230425142
230426880,230429361
230426880,230425179
230426880,230427319
230425338,230425678
230425337,230426795
230427792,230425032
230429673,230427899
230429668,230425167
230429688,230429130
230425387,230428167
230425387,230427498
230425387,230426204
230429859,230425030
230425142,230429845
230425142,230428247
230428213,230427979
230425129,230425167
230425129,230427656
230425129,230429361
230428302,230426267
230428247,230428805
230428343,230429413
230428343,230427605
230428343,230429743
230428343,230427362
230428164,230428278
230428164,230427453
230428164,230429415
230429993,230428218
230425032,230427759
230425032,230425264
230425032,230427403
230427718,230428711
230427718,230428453
230427718,230426299
230429752,230426714
230429752,230427019
230429752,230429006
230429743,230427157
230429039,230426728
230428590,230429247
230425453,230426834
230427278,230428982
230427278,230428835
230427278,230429428
230427210,230426292
230427210,230428167
230426267,230429342
230426007,230428244
230426007,230429752
230426007,230429455
230425179,230426207
230425417,230429520
230425417,230429128
230428053,230425067
230428050,230425453
230428050,230427848
230428050,230429604
230428050,230425628
230429845,230428662
230429845,230425538
230429845,230428259
230428944,230429359
230428115,230425549
230425167,230428944
230427771,230427174
230429314,230428050
230429260,230428244
230426292,230428190
230429604,230425363
230429830,230427252
230429830,230428260
230425519,230425173
230427087,230426835
230428190,230429752
230428218,230429187
230428218,230426979
230428218,230429629
230429642,230428649
230427322,230426253
230427322,230425167
230428167,230426707
230428167,230428778
230428162,230428278
230427129,230427119
230427119,230429993
230427119,230425067
230427605,230427141
230427605,230428311
230425807,230428218
230429315,230429993
230429315,230427870
230425780,230429841
230425780,230426310
230425886,230425628
230425886,230425559
230425886,230426253
230429804,230427870
230429804,230427252
230429804,230425725
230428544,230429260
230428569,230427699
230427362,230428444
230427979,230428662
230427979,230425538
230425173,230428484
230425172,230429698
230425172,230429282
230426324,230429123
230426324,230428944
230426310,230429039
230426310,230427022
230426310,230428397
230427019,230427322
230428259,230428982
230428259,230428544
230425051,230428579
230429128,230429636
230429123,230429171
230429123,230428983
230429123,230429604
230427035,230426443
230427035,230425067
230427035,230425481
230428244,230426568
230428244,230429830
230427848,230429166
230426680,230429282
230426680,230428260
230428744,230427718
230428744,230428260
230425216,230426436
230425354,230425605
230425354,230429899
230425354,230429955
230429940,230427849
230429940,230426813
230429933,230426282
230428311,230425417
230429171,230427480
230427403,230425780
230427403,230429698
230426204,230427022
230428983,230428662
230429818,230426399
230428283,230426937
230425605,230427870
230425605,230426877
230425605,230427106
230428278,230429166
230426979,230429078
230425742,230429669
230426707,230426568
230426707,230426758
230426707,230429207
230429083,230426279
230426728,230426707
230429207,230426807
230429207,230425343
230429207,230426134
230429207,230425742
230425923,230427699
230425732,230428635
230425732,230428579
230425731,230426849
230425731,230427611
230425727,230428050
230425727,230429987
230425725,230425678
230425114,230426353
230425114,230429960
230425114,230428982
230429715,230428283
230429715,230427614
230429715,230429752
230428778,230426310
230428778,230425032
230428763,230428778
230425685,230425032
230425685,230428397
230425678,230426640
230425678,230428053
230425678,230425807
230425676,230428569
230429413,230427279
230426937,230426158
230429455,230429342
230428397,230425880
230425343,230425161
230425343,230426784
230428371,230427480
230428807,230425092
230428807,230425481
230426784,230427322
230426784,230425092
230426784,230425744
230426784,230427498
230426436,230428982
230429187,230429428
230429187,230425363
230429187,230425945
230425945,230429830
230426848,230429899
230428454,230428283
230428454,230428311
230428454,230429083
230428453,230427019
230428453,230429960
230428453,230428450
230427498,230426353
230425264,230429960
230429078,230429115
230427636,230429247
230428662,230428397
230428662,230426937
230428662,230425559
230428620,230429329
230428620,230427480
230428649,230427611
230428635,230425945
230428635,230427771
230426257,230427157
230426257,230426848
230425483,230427320
230425483,230426788
230427759,230429428
230427759,230428662
230427657,230425483
230425001,230429115
230425001,230429166
230425001,230428982
230429996,230427252
230429996,230429329
230429996,230425341
230429960,230425538
230429960,230425499
230429955,230426778
230425474,230429464
230425474,230427699
230425481,230428698
230425481,230428240
230425481,230425744
230426253,230425991
230427252,230427614
230426568,230427141
230426158,230426813
230427870,230427065
230426788,230429282
230429006,230428240
230429987,230426605
230429987,230425398
230429282,230427849
230429282,230425588
230429282,230429636
230428659,230425449
230428659,230429682
230428659,230429294
230428659,230427028
230426155,230427614
230426877,230425449
230428405,230425341
230426834,230429243
230426834,230429026
230426835,230429896
230426835,230429282
230426835,230426278
230426443,230425020
230429698,230428006
230426399,230425908
230427480,230425177
230429428,230429960
230426826,230428300
230426826,230425487
230426813,230428393
230426807,230429841
230426807,230426582
230426807,230425559
230426849,230426912
230426849,230427505
230426849,230426599
230426849,230427553
230428450,230427849
230428444,230428968
230428444,230426750
230425628,230426834
230425628,230427252
230425648,230427553
230426353,230425559
230425744,230426786
230425306,230425355
230425306,230426835
230425306,230425332
230425306,230427022
230427849,230427556
230429342,230427954
230426313,230426207
230426313,230427849
230428968,230428629
230427007,230428044
230428260,230426826
230427022,230429669
230427022,230425487
230425092,230426353
230427945,230426786
230427945,230426065
230428982,230428006
230428982,230426610
230429669,230426128
230426080,230427974
230426080,230426605
230426080,230426788
230426134,230429166
230426681,230428484
230426681,230425020
230426681,230426299
230426681,230426949
230426714,230426253
230426714,230426299
230426207,230425588
230426207,230428227
230427853,230429329
230425245,230428044
230429381,230429996
230429381,230426593
230426758,230425487
230426758,230426949
230426758,230426813
230429359,230425755
230428484,230426080
230428484,230427320
230428484,230429006
230429405,230426158
230429405,230429243
230429405,230426353
230429166,230426207
230429168,230426591
230429168,230426278
230426884,230429342
230428835,230428484
230428835,230426610
230428835,230425067
230425538,230429245
230425538,230428684
230425538,230427157
230429899,230426593
230429115,230429955
230429115,230427763
230429329,230426640
230429329,230425848
230429329,230426778
230425363,230428600
230425363,230428698
230425356,230427320
230425356,230425306
230426591,230427853
230429306,230426599
230429306,230429899
230429841,230426599
230426279,230428600
230426279,230429636
230426279,230428260
230427279,230427495
230427279,230429987
230427279,230428949
230425067,230429896
230425161,230429298
230429554,230427699
230427106,230429306
230428920,230426488
230429636,230428698
230429636,230425398
230429636,230428684
230429629,230426681
230426282,230428659
230426282,230429918
230425398,230427505
230427157,230425355
230427320,230426892
230427320,230426380
230427320,230426353
230428596,230426807
230426128,230426813
230426128,230428926
230427699,230425398
230427699,230425549
230427699,230425588
230427699,230425481
230429966,230427505
230429747,230425628
230428711,230426714
230428711,230426370
230427713,230428227
230427713,230429026
230427649,230426778
230426540,230426758
230427698,230428300
230427698,230427495
230426299,230426605
230427614,230426714
230427614,230429682
230427611,230427649
230429247,230428848
230426593,230429682
230426593,230429629
230426593,230429921
230426593,230428629
230427174,230428405
230427174,230427824
230428017,230429747
230428017,230426849
230427141,230425538
230427141,230425648
230425880,230427954
230428579,230427328
230428579,230429966
230428579,230426640
230426640,230425363
230425848,230425487
230425559,230428884
230425559,230426912
230425559,230426714
230429627,230426488
230429520,230426681
230429520,230429841
230425549,230426130
230425549,230425744
230426086,230428038
230426086,230426582
230426582,230428933
230429294,230429682
230429294,230426786
230429294,230429133
230425844,230428679
230425844,230428562
230425844,230427974
230425844,230425341
230425487,230425499
230425020,230425991
230425588,230428300
230426949,230425998
230425341,230426165
230428408,230428684
230428352,230427485
230427473,230428048
230427473,230429216
230427473,230427974
230429026,230425506
230425332,230429298
230428393,230427871
230428384,230428615
230427065,230426003
230427065,230427221
230427966,230429712
230427966,230428038
230427553,230426543
230426013,230426750
230427824,230425154
230427824,230425624
230427824,230429245
230427556,230428393
230428551,230425783
230428551,230425442
230428848,230428038
230428848,230425844
230428848,230426610
230428849,230427968
230428858,230425377
230427954,230425487
230427954,230429245
230429348,230425332
230426488,230427752
230425755,230428227
230429712,230428933
230429712,230429056
230429712,230426752
230425355,230429682
230428279,230428600
230425908,230425267
230425993,230428300
230425993,230429216
230425993,230429918
230429896,230427968
230426380,230429026
230426750,230427028
230426065,230428698
230426065,230429206
230429682,230425991
230429682,230428885
230429682,230426973
230429682,230427481
230427028,230426605
230428240,230426786
230428240,230426582
230428240,230427918
230427974,230428666
230425991,230425332
230428300,230427553
230426370,230426130
230426370,230429294
230426912,230425499
230426912,230428849
230429464,230429348
230426778,230428044
230426778,230425624
230426892,230428044
230426892,230425268
230427495,230428884
230427495,230427159
230427505,230427336
230427871,230428933
230427871,230427485
230427871,230426543
230425836,230425499
230425836,230425154
230425836,230425487
230426786,230428393
230426786,230425377
230427485,230427186
230428926,230427473
230428926,230426370
230427763,230428956
230426283,230426380
230426283,230427619
230427109,230425499
230427336,230425711
230428006,230428956
230429779,230428912
230429614,230425341
230429614,230426744
230426605,230426130
230426605,230426013
230426605,230429682
230426599,230427186
230426599,230428393
230426599,230425818
230429298,230428679
230429298,230426973
230425819,230429682
230425819,230426543
230429245,230427328
230429243,230425908
230429243,230425711
230425154,230428048
230425154,230426380
230427328,230428615
230428562,230428551
230429133,230428038
230428227,230425366
230428227,230425755
230428884,230429294
230428884,230426582
230427814,230425998
230428600,230425607
230428600,230427957
230428600,230427221
230425268,230427954
230426294,230427581
230426294,230426003
230427186,230425755
230427186,230425449
230427186,230426066
230428048,230426599
230428044,230429577
230428044,230428858
230425449,230429206
230425449,230429440
230425177,230427968
230425442,230427763
230426274,230428384
230426278,230428858
230426278,230428848
230426278,230426750
230425499,230427473
230425499,230425449
230428949,230429242
230428949,230428393
230428629,230428926
230426610,230425541
230426610,230426065
230428698,230425819
230426130,230429243
230429921,230427619
230429918,230429243
230429918,230429206
230426543,230426750
230425818,230425499
230428684,230427619
230428684,230429206
230428684,230428246
230429056,230426933
230429056,230429230
230427752,230426586
230428679,230427797
230426551,230425711
230426744,230426302
230426744,230425377
230426744,230426974
230426752,230425226
230426752,230425624
230426149,230428058
230426149,230425382
230426770,230425420
230427481,230426973
230427481,230429510
230426165,230429489
230426165,230425370
230426165,230425881
230427203,230429489
230425075,230429540
230425664,230429989
230427857,230427175
230425711,230425541
230425711,230425149
230425506,230425881
230425506,230427857
230425506,230429924
230428058,230426933
230426003,230429484
230426542,230427823
230426542,230427968
230428912,230429186
230427918,230426973
230427159,230429340
230429440,230429140
230429440,230426542
230426423,230426782
230426423,230426792
230426505,230426744
230427773,230425693
230427773,230425805
230427627,230427841
230425267,230427957
230425267,230428971
230425267,230428942
230425267,230428615
230429206,230426819
230429216,230429732
230426066,230428615
230425624,230427607
230425624,230425152
230425624,230425877
230429481,230429489
230426916,230425282
230426916,230429056
230427344,230428833
230427344,230428732
230427344,230429056
230427339,230427513
230427099,230427016
230427099,230426165
230427607,230429577
230427607,230426752
230427607,230425783
230428615,230427752
230428615,230428792
230426205,230429904
230426205,230425377
230426205,230427918
230426973,230428831
230425541,230425420
230425541,230428679
230425994,230429540
230428831,230428936
230428831,230426329
230429259,230428231
230427797,230426272
230425607,230426165
230425607,230426973
230425607,230427890
230428885,230426311
230428885,230427769
230428885,230428222
230427619,230427823
230428038,230425075
230425783,230428038
230425783,230429577
230425783,230428231
230428246,230426523
230428246,230429206
230425377,230425541
230425377,230428679
230425377,230426974
230427968,230427203
230428966,230427221
230425808,230426105
230428956,230426933
230428956,230427841
230428956,230425267
230429242,230425881
230429242,230427841
230429242,230429732
230425366,230428632
230427581,230429216
230427030,230425366
230427957,230428933
230427957,230429904
230427957,230427339
230427957,230429869
230426340,230425377
230425998,230428894
230425998,230426383
230425998,230427431
230428933,230425152
230428933,230429489
230428933,230427683
230425868,230429989
230427221,230425464
230427221,230426423
230427221,230429056
230427221,230428058
230429577,230427800
230429577,230425152
230429577,230429440
230428666,230429242
230428833,230426323
230428833,230425464
230428833,230425326
230425228,230425520
230425226,230429295
230428942,230428111
230428942,230425579
230426819,230429691
230426819,230426713
230427175,230426943
230425719,230427604
230426837,230426722
230428149,230426277
230428149,230428231
230428149,230427438
230428149,230427200
230428822,230429139
230428822,230428936
230428822,230426028
230428792,230425441
230425420,230429154
230425520,230425420
230429692,230427040
230429692,230427008
230429692,230425342
230425441,230429691
230425441,230429766
230425282,230429142
230425282,230425576
230427732,230429182
230427513,230428175
230427513,230425257
230426762,230426950
230429764,230428217
230429764,230426323
230429764,230426523
230429764,230426146
230428632,230429869
230426383,230428339
230426383,230428251
230427613,230428645
230426713,230425881
230426713,230425432
230426587,230428386
230426933,230426277
230427431,230427443
230428732,230427683
230428732,230427732
230427604,230429142
230427603,230425509
230429540,230428821
230429539,230429766
230429340,230425200
230425761,230425693
230425761,230428632
230428894,230429018
230428894,230427514
230428894,230426782
230429733,230425805
230429732,230427641
230427841,230426190
230427841,230429733
230427841,230425241
230427841,230429602
230426918,230427732
230426918,230428339
230426918,230425149
230427405,230427024
230427405,230428079
230427454,230425200
230427454,230425317
230426523,230426272
230429295,230426587
230425164,230425520
230425164,230425772
230425509,230427040
230429182,230429142
230426792,230425772
230426792,230429618
230427890,230427683
230427890,230426762
230428429,230426792
230428429,230427200
230425254,230427016
230429186,230427976
230426782,230427800
230426748,230425219
230428643,230429340
230428643,230425372
230428643,230428304
230425219,230425984
230426586,230426722
230426586,230425576
230427683,230425533
230427683,230428339
230429989,230428503
230426105,230428797
230429139,230427823
230429139,230426782
230429139,230429540
230428231,230426943
230426332,230426729
230428222,230429947
230428222,230425576
230425579,230426251
230426666,230427405
230425199,230427613
230425199,230428386
230425199,230429489
230425200,230428732
230425200,230428285
230425200,230426190
230425200,230429018
230427800,230427866
230426302,230428732
230426311,230425257
230429154,230427841
230429154,230428175
230425149,230428942
230425149,230426586
230427796,230426302
230425152,230427214
230427799,230427200
230427799,230429947
230427799,230425527
230428716,230429805
230426942,230427016
230428971,230426573
230428971,230426950
230427818,230425199
230427040,230426332
230427040,230429018
230429904,230429878
230429869,230425772
230427016,230429230
230427016,230428079
230427016,230427641
230426329,230427431
230426329,230425805
230425805,230428073
230425877,230428894
230425877,230425109
230425877,230429140
230425881,230426722
230425881,230429157
230425881,230425877
230427823,230427866
230426974,230428421
230429140,230427613
230429140,230427732
230429868,230428285
230425382,230427613
230425382,230428942
230425382,230425877
230427008,230427016
230427008,230427438
230429230,230427388
230429230,230427395
230429230,230428573
230425370,230427016
230429489,230429946
230428079,230425317
230428079,230429007
230428079,230426713
230429484,230429186
230429510,230426573
230428936,230425199
230426272,230426666
230426272,230427769
230426277,230429607
230429924,230426332
230425693,230427603
230425693,230428304
230427764,230425149
230427256,230427732
230425576,230426139
230425464,230425526
230427769,230429764
230427769,230429869
230427769,230427732
230429947,230426129
230429947,230426950
230429947,230425071
230427214,230429228
230427254,230425897
230426251,230427596
230426251,230426190
230426251,230425984
230428073,230425194
230426573,230425317
230426573,230425368
230425688,230427284
230425688,230428136
230429766,230426685
230425372,230425773
230426028,230427518
230429253,230429485
230425368,230427147
230429878,230425984
230429878,230429283
230428573,230427314
230427579,230425498
230427983,230425773
230428251,230429593
230429142,230428821
230429142,230426922
230429142,230426946
230427059,230426129
230429805,230429170
230429805,230425432
230425194,230425772
230425194,230425071
230428285,230426073
230428285,230428427
230427388,230427254
230426323,230429771
230426323,230425772
230426323,230426307
230426346,230429959
230426346,230425182
230427024,230427232
230427024,230428251
230427024,230428573
230429946,230428285
230429946,230427593
230427976,230426110
230427976,230428725
230427976,230428217
230428175,230425194
230429064,230425772
230429064,230429959
230429064,230425109
230429607,230426073
230429607,230429018
230429602,230425342
230428217,230428631
230429618,230429656
230425393,230425527
230426922,230429920
230426922,230428136
230428339,230427254
230427521,230428903
230425739,230425772
230425739,230425257
230425739,230426815
230425772,230429820
230426136,230429805
230426136,230429485
230425292,230429602
230425292,230428242
230425292,230427579
230426043,230426939
230425432,230425839
230425432,230426943
230428821,230427892
230429225,230428126
230425527,230428285
230425533,230427443
230427395,230428725
230427395,230426729
230427395,230426251
230427395,230427443
230426190,230428895
230426950,230429691
230428304,230427225
230428304,230428674
230426946,230428958
230426946,230428136
230426939,230427641
230426943,230429142
230426943,230427043
230426945,230425463
230425984,230427983
230429157,230427200
230425120,230428073
230428563,230425533
230428563,230429228
230426308,230428958
230426308,230428749
230428540,230425834
230428540,230425897
230428540,230426634
230429775,230426129
230429775,230428573
230429775,230427801
230425109,230425984
230427866,230425527
230427866,230425688
230425315,230429170
230425317,230428217
230429691,230429289
230429691,230425968
230425241,230425345
230425241,230425505
230425241,230426722
230428421,230429142
230428421,230427720
230426815,230427953
230427514,230429805
230429920,230428114
230429920,230428563
230427200,230426241
230427200,230429959
230427200,230429225
230426146,230425980
230426146,230426922
230426146,230429683
230429549,230426307
230425498,230427147
230425498,230426823
230425498,230429549
230425498,230425315
230429557,230429518
230429557,230427692
230427443,230427641
230427443,230426073
230427443,230428958
230426729,230428344
230426139,230426922
230425257,230429766
230429018,230428880
230429007,230429289
230425326,230426327
230428106,230425109
230428106,230425326
230428503,230426110
230427714,230428645
230427714,230425418
230427714,230425342
230427714,230427622
230427641,230427024
230425841,230425342
230425024,230425553
230428645,230429930
230428645,230426113
230429593,230428304
230429593,230428563
230429593,230428797
230426458,230425315
230428111,230427521
230428111,230425339
230425758,230429602
230425758,230426783
230427147,230429956
230427147,230426943
230425182,230429253
230425182,230426823
230425182,230427892
230426113,230426458
230426113,230429485
230426113,230427720
230426129,230425241
230426129,230425432
230426107,230427438
230426107,230425857
230426110,230427147
230425345,230425220
230427438,230429947
230427438,230428573
230428386,230428339
230428797,230428540
230425220,230428285
230425220,230428960
230425342,230428217
230426961,230429485
230428242,230429427
230427043,230426863
230428725,230428631
230428288,230429820
230428255,230427914
230429135,230429089
230429135,230428913
230425553,230427043
230425553,230426241
230429518,230428122
230427047,230425980
230426634,230426676
230426645,230428663
230426645,230425311
230427596,230428490
230427593,230427552
230427953,230427686
230427953,230426412
230428274,230428851
230428274,230428753
230428274,230426075
230429338,230425553
230429338,230427060
230429338,230426483
230427232,230425057
230427232,230425702
230428990,230425132
230425968,230425747
230425968,230428731
230425968,230426232
230425339,230427043
230429683,230428350
230429169,230429378
230429169,230429041
230428631,230425612
230425897,230429959
230427801,230428770
230427801,230428731
230427801,230428753
230427622,230427284
230426694,230427914
230426694,230428287
230426694,230427696
230428903,230427047
230428903,230427314
230428344,230427654
230428895,230428490
230427314,230425968
230427314,230428136
230426685,230428731
230426676,230429711
230428880,230425702
230428880,230425525
230425980,230425505
230425980,230429418
230425980,230426452
230429170,230426829
230425773,230427402
230425773,230426372
230425773,230428813
230426490,230429350
230426490,230427538
230428731,230425626
230428731,230428427
230426307,230429551
230425857,230427181
230425857,230427021
230425857,230426372
230428307,230426468
230426372,230427258
230426468,230426823
230427394,230426372
230427394,230425132
230429711,230426862
230429956,230425773
230426556,230426374
230426556,230429884
230429959,230429418
230429228,230426685
230425806,230426401
230425812,230426667
230428960,230429338
230428960,230426427
230429656,230425367
230426327,230425544
230426327,230428114
230429485,230427323
230429930,230426771
230429930,230427155
230429930,230428674
230429930,230428631
230427720,230429266
230427720,230425834
230427720,230429711
230429283,230429959
230428958,230428114
230428958,230427314
230427225,230428114
230425832,230426401
230425832,230426452
230425834,230427745
230426241,230427596
230426241,230427089
230426241,230426694
230426717,230426545
230426717,230425285
230426717,230429283
230427914,230429041
230427914,230428851
230428749,230425367
230425119,230429378
230425119,230428242
230427471,230428410
230427471,230426825
230427471,230427570
230426862,230426588
230425235,230426579
230425235,230426825
230425235,230428288
230429820,230428309
230429820,230428288
230428913,230428606
230428913,230427323
230428126,230428052
230428126,230427232
230428136,230428242
230428136,230426810
230428136,230428960
230429771,230429740
230429771,230426553
230429771,230429427
230427155,230427225
230427155,230428122
230426401,230429041
230426412,230428255
230426412,230428648
230426073,230425612
230426073,230428903
230426073,230427928
230426073,230428625
230425418,230427822
230426427,230427143
230426427,230425773
230426783,230426075
230426783,230428888
230429378,230426232
230429378,230427552
230429378,230428288
230425071,230429107
230429551,230429089
230428770,230426553
230425505,230426579
230425505,230429434
230428114,230427225
230427518,230428288
230427518,230425418
230427518,230427323
230426825,230428013
230426823,230428122
230426823,230426064
230429434,230428749
230429427,230429485
230429427,230427745
230429427,230429089
230426453,230429289
230427892,230427538
230427892,230425311
230427892,230425444
230428427,230425418
230425463,230429683
230425463,230428960
230428122,230427566
230427181,230426685
230428464,230426076
230426771,230428490
230428648,230428013
230428674,230425702
230427284,230426075
230427284,230428425
230425839,230426328
230425839,230426307
230425839,230425108
230429289,230425285
230429289,230426372
230429289,230428410
230426581,230429350
230426581,230427394
230429070,230425285
230429070,230428749
230427692,230425775
230426087,230426553
230427745,230425444
230429569,230427538
230425285,230428875
230427654,230426579
230427654,230427044
230427654,230427263
230426774,230429723
230429418,230425917
230428490,230427566
230425941,230428564
230427889,230427754
230427889,230429418
230425702,230427439
230425702,230427538
230425702,230428813
230426810,230429884
230426810,230428663
230426810,230427413
230426452,230428851
230426452,230428192
230426076,230426898
230426075,230426441
230426075,230427435
230429089,230429472
230426463,230429089
230429386,230425504
230425108,230427413
230429884,230429055
230429884,230425060
230429884,230429871
230425107,230429075
230425107,230425012
230425107,230425586
230426863,230427928
230426863,230428490
230426863,230429151
230425350,230428425
230427928,230425560
230428390,230426151
230426829,230427745
230428410,230429418
230427470,230429696
230428487,230426220
230428487,230428847
230428753,230428794
230428753,230428348
230425311,230426448
230428425,230428066
230428425,230429148
230428425,230425270
230426667,230429046
230426667,230428350
230428746,230425560
230426483,230425132
230426483,230425702
230425586,230427754
230425586,230429503
230425586,230426075
230428287,230427306
230428287,230425350
230425612,230428746
230427392,230427439
230427402,230425586
230428851,230426232
230428847,230428330
230428847,230425125
230425359,230425544
230428258,230427782
230427822,230427570
230428303,230427063
230427538,230427928
230427538,230427439
230425304,230428335
230427413,230425057
230427413,230428287
230427413,230425314
230428327,230429679
230425626,230426151
230425626,230428052
230428335,230428767
230428335,230429148
230428335,230427413
230429349,230425311
230429350,230425311
230425747,230429107
230426374,230427435
230425301,230426737
230425301,230425125
230425301,230427782
230428309,230429538
230426064,230426754
230429107,230426667
230429107,230425060
230428813,230425626
230429679,230429312
230429679,230429569
230429679,230426409
230428350,230428851
230425917,230428327
230427021,230428030
230427552,230427435
230426657,230428751
230426661,230425314
230426661,230425941
230427323,230426064
230428177,230426774
230428177,230426452
230428177,230426483
230425401,230426133
230425401,230428606
230427089,230429426
230428147,230428192
230425525,230425314
230427143,230428309
230428052,230429350
230428606,230428066
230426588,230425913
230427633,230428390
230427633,230428192
230426553,230427477
230426553,230429546
230426545,230427048
230428704,230425735
230428704,230425612
230428704,230426151
230428625,230425735
230428625,230429727
230428625,230426196
230429740,230426793
230425270,230428993
230429046,230428066
230429046,230428024
230429041,230425913
230426232,230425012
230426232,230425132
230425444,230425359
230425444,230425311
230425444,230429546
230427258,230427538
230427258,230427439
230427258,230427650
230427686,230429785
230427686,230425060
230427696,230425616
230428663,230425747
230428663,230425662
230427263,230427289
230426579,230427969
230426579,230428874
230426579,230427570
230428030,230426166
230429853,230427477
230429853,230429151
230429853,230428425
230429266,230429386
230429546,230429740
230428013,230427822
230426328,230428624
230428875,230427790
230428875,230426863
230428875,230427889
230427060,230425560
230425544,230427889
230425570,230427089
230425568,230428606
230425367,230426076
230429658,230428624
230425775,230426087
230425775,230426553
230425132,230428192
230425132,230428052
230425132,230427538
230425125,230428993
230428888,230427822
230427588,230425775
230427570,230425913
230425130,230425132
230427566,230428851
230427566,230427552
230427566,230425350
230425057,230425662
230426459,230425218
230426459,230426056
230427439,230427782
230427906,230425735
230428767,230428513
230428751,230427930
230428751,230426558
230428751,230426493
230428751,230428864
230429696,230427048
230425314,230429419
230425314,230426613
230425314,230426704
230428381,230426403
230429727,230427754
230429723,230429710
230427435,230425193
230427435,230426558
230427973,230429914
230425060,230427906
230426352,230427072
230427004,230429033
230429335,230425297
230428564,230428864
230425598,230427973
230425598,230429296
230425598,230429335
230425598,230428766
230425616,230426704
230425616,230427650
230429148,230427125
230429148,230427580
230429151,230427653
230429472,230425314
230425297,230425455
230428874,230429696
230428874,230427684
230426196,230427138
230429814,230429296
230429814,230425965
230429710,230425565
230429710,230425281
230426133,230425406
230427520,230426151
230429104,230426133
230426039,230427327
230426167,230427044
230426167,230426089
230426167,230427048
230426898,230429816
230428348,230428033
230425965,230429148
230425913,230427930
230425913,230426409
230425913,230428024
230429458,230429055
230428330,230429419
230428330,230427015
230428993,230427306
230428993,230426558
230425248,230425572
230425728,230428993
230426409,230427125
230426409,230427653
230426409,230426137
230429086,230427044
230429086,230428566
230426809,230427782
230426809,230429723
230429426,230428033
230429426,230429538
230429426,230425733
230429426,230427543
230425662,230425210
230427477,230427376
230426441,230426167
230426441,230428653
230426441,230429426
230426754,230427930
230426754,230428330
230426754,230425789
230425701,230426459
230425701,230427123
230426793,230429710
230426793,230425133
230426793,230428939
230426793,230426056
230426151,230427435
230426448,230429710
230426448,230428018
230425735,230427782
230427650,230428024
230426737,230426625
230426737,230428225
230429055,230425913
230429055,230426001
230428794,230429901
230428794,230426039
230428794,230427681
230426166,230428418
230429075,230427580
230427063,230428042
230425560,230426216
230425560,230427754
230425560,230429036
230427044,230429312
230427044,230428703
230427580,230427543
230427580,230427289
230428862,230427063
230428862,230426220
230429871,230427306
230429871,230429055
230427048,230427543
230427048,230428644
230427048,230425497
230425572,230429151
230425572,230428650
230429118,230428091
230427969,230428700
230427386,230425504
230427380,230426485
230427380,230428024
230427380,230427145
230425563,230426448
230425563,230426089
230425563,230426809
230427349,230429871
230427349,230426056
230427349,230427543
230427042,230426368
230425406,230429271
230426001,230426166
230429785,230428612
230429785,230426220
230427306,230426084
230428033,230428751
230428033,230426166
230428033,230429419
230428033,230427004
230428042,230428624
230428042,230428566
230428042,230428330
230428042,230426493
230427782,230427125
230427095,230429914
230427095,230427650
230427095,230426853
230429538,230427145
230427790,230426167
230427790,230426509
230429503,230428098
230429312,230427376
230428192,230428862
230428192,230428193
230427327,230428794
230427327,230427090
230427327,230429785
230428024,230427930
230428024,230426039
230427289,230429583
230427289,230426368
230425073,230427876
230425497,230427647
230425504,230427439
230428939,230428701
230426220,230429335
230426220,230428867
230429065,230426625
230429065,230429313
230428644,230427123
230428644,230429583
230428644,230427790
230428644,230429033
230428066,230428703
230428066,230427286
230429296,230428042
230428624,230429929
230428624,230428939
230429929,230426220
230427754,230425162
230425012,230426166
230427684,230427033
230427684,230426509
230427684,230428862
230425038,230429226
230427736,230425649
230427736,230428795
230427736,230427517
230427736,230428225
230427681,230428216
230427681,230425831
230428650,230429736
230426509,230426923
230428703,230426084
230428701,230426089
230428700,230427921
230428700,230426135
230428700,230425977
230427543,230427145
230427543,230425124
230425825,230425455
230429098,230425833
230426084,230429419
230426084,230429498
230426084,230428671
230427865,230429061
230427865,230426625
230427876,230427543
230427876,230428701
230425281,230429053
230429036,230429806
230429036,230428898
230429036,230426295
230425155,230425124
230425155,230427653
230426613,230425785
230426613,230426369
230426493,230427949
230428612,230428193
230427921,230425334
230425789,230428346
230425789,230429663
230425789,230427930
230425788,230428886
230427437,230428825
230429327,230425977
230425133,230428513
230425133,230426625
230425133,230428650
230426626,230428886
230426625,230427015
230426625,230429465
230429313,230428091
230429310,230429002
230425124,230425210
230425124,230425788
230425124,230427876
230429271,230429457
230427400,230429061
230427400,230429914
230426675,230426000
230428721,230425689
230429017,230425232
230425210,230425650
230425210,230425529
230429806,230426787
230426485,230429465
230426137,230426860
230426137,230427543
230427930,230425940
230428566,230426321
230429033,230426493
230425944,230426147
230429583,230427015
230429583,230426416
230428418,230426147
230428418,230426493
230429419,230428864
230429419,230426236
230425431,230426509
230425431,230425638
230425431,230426493
230425431,230429583
230426037,230429111
230426037,230426176
230427949,230427376
230425361,230428470
230426200,230426626
230425700,230425479
230428766,230428653
230425733,230428766
230429914,230429816
230427376,230428703
230427376,230427543
230427376,230428701
230428018,230427967
230426216,230429120
230428759,230425500
230426704,230427145
230426704,230429790
230426704,230425155
230428513,230426337
230429002,230428701
230426056,230427549
230426056,230426037
230425455,230425833
230427286,230428973
230426414,230428650
230426787,230429419
230426403,230429806
230426403,230426675
230426403,230426493
230426368,230426089
230428867,230428795
230429816,230426485
230429816,230428619
230428221,230426613
230428225,230429783
230428225,230426411
230428225,230428898
230429136,230426558
230429498,230425124
230427072,230429002
230427072,230427661
230427072,230425361
230428193,230429276
230427015,230427123
230427015,230428018
230427090,230429213
230426000,230428380
230425193,230425232
230425193,230428225
230425193,230429313
230425529,230427457
230429465,230427125
230427653,230425833
230427653,230425785
230427653,230428597
230427661,230429465
230427661,230425500
230429053,230428145
230429053,230426668
230429053,230428346
230428653,230427226
230428653,230425940
230426558,230428262
230426558,230426900
230426558,230428448
230426089,230426063
230426089,230427226
230426089,230429098
230427647,230429812
230426321,230429213
230426321,230427931
230427033,230426414
230425565,230428193
230429901,230429017
230429901,230427376
230428864,230428703
230427121,230426923
230425580,230429419
230427125,230425785
230427123,230425983
230427123,230427653
230427123,230425021
230426337,230427090
230426337,230429671
230426337,230426036
230425977,230426853
230427145,230429838
230427145,230426063
230427145,230427876
230427138,230429835
230427138,230426106
230427138,230426037
230425649,230429120
230429443,230429663
230426853,230425333
230426853,230429419
230425479,230428825
230428098,230428867
230428091,230429448
230428091,230429736
230428091,230427176
230425218,230429816
230425500,230426668
230425983,230425232
230429276,230426106
230429276,230428760
230425840,230426416
230428619,230426900
230425298,230427342
230425298,230427419
230426147,230429120
230426147,230427164
230426489,230425181
230426668,230429411
230426668,230428216
230426668,230428671
230426668,230427898
230427937,230425006
230427937,230429499
230427937,230425833
230427937,230429411
230427931,230426300
230427931,230426564
230427931,230426629
230427517,230425667
230427517,230426119
230427549,230425496
230425831,230428921
230425831,230427549
230425831,230425150
230425831,230428922
230429736,230428313
230429736,230429226
230426135,230426954
230426135,230426131
230426135,230425232
230426135,230429979
230428597,230428577
230428597,230425672
230427176,230425833
230427164,230425437
230426416,230427226
230426416,230425638
230426411,230428245
230428825,230427931
230428825,230428519
230428795,230426450
230429835,230428245
230429835,230428898
230428380,230427446
230429837,230426629
230429838,230428777
230428448,230429213
230428448,230426548
230428470,230426416
230428470,230429061
230427260,230428179
230427260,230428496
230427260,230426564
230427229,230426036
230427229,230429038
230427229,230425650
230427226,230425437
230426236,230425785
230426036,230427074
230429120,230426411
230429120,230425667
230426014,230429667
230425940,230429876
230425940,230429448
230425940,230427898
230425689,230425833
230426063,230429448
230426063,230429936
230426063,230427226
230426063,230428825
230425333,230427667
230425333,230427381
230425333,230426548
230425334,230426014
230427429,230426119
230429099,230425259
230429099,230425000
230429099,230427898
230429099,230428505
230429671,230426489
230426176,230429511
230426176,230426106
230428496,230427342
230428496,230427872
230428973,230426014
230425722,230428973
230425722,230428825
230426739,230426629
230429111,230426300
230429213,230428245
230427967,230429783
230427967,230425622
230426697,230426176
230429226,230427432
230429663,230429235
230429663,230426119
230429663,230428245
230428628,230428825
230429235,230429411
230429235,230428145
230429235,230426957
230427457,230425947
230425785,230428216
230425785,230427083
230427468,230429276
230427468,230427176
230427700,230426972
230427700,230429802
230425232,230429967
230425232,230425206
230428361,230429876
230426917,230425141
230426917,230427667
230426900,230426236
230426369,230429783
230428346,230429457
230426923,230427517
230426923,230425722
230426923,230426300
230428324,230429447
230428906,230428139
230428906,230425940
230428906,230426972
230428898,230427164
230428898,230426957
230428898,230428921
230426295,230429099
230426295,230429511
230426956,230425575
230426956,230425831
230426956,230426972
230429812,230426036
230429812,230427872
230428145,230425830
230428145,230427074
230429448,230426832
230425638,230425150
230426860,230429671
230425650,230426957
230429783,230429352
230429783,230428741
230429457,230429671
230429457,230428597
230429457,230426102
230428262,230428470
230428245,230428825
230428245,230428628
230429499,230426751
230427074,230425947
230427074,230427549
230427074,230426739
230428216,230425831
230428216,230427164
230428216,230427648
230428886,230426954
230428886,230428505
230429790,230429226
230429790,230429837
230429790,230425112
230429790,230428505
230428677,230428521
230428677,230429235
230428677,230425298
230425833,230425000
230425833,230428346
230425021,230429447
230425021,230426036
230428671,230425334
230426106,230427226
230427651,230426236
230429061,230428577
230429061,230426036
230429061,230429235
230429061,230428245
230427767,230429448
230427767,230426176
230427767,230428577
230427667,230428619
230427667,230427229
230427667,230429447
230427652,230425188
230426102,230429813
230426564,230426727
230427648,230428519
230427672,230428589
230425000,230426187
230425000,230425804
230425006,230429127
230425259,230428741
230425259,230426769
230425259,230427672
230429511,230426388
230429511,230427158
230429516,230428914
230427079,230428310
230427083,230427502
230427083,230426392
230427083,230426832
230425575,230425672
230429802,230428313
230429802,230426102
230429802,230428577
230427050,230428357
230426972,230426078
230426954,230429885
230426954,230425971
230426954,230425061
230426954,230426118
230425622,230427381
230428333,230429547
230428914,230426479
230428914,230427751
230425181,230426052
230425181,230428158
230425181,230428139
230425181,230426564
230425188,230428179
230428139,230428921
230428139,230428158
230428313,230428446
230428313,230427751
230428313,230425258
230428313,230429667
230428922,230428435
230428922,230427502
230428922,230429164
230428921,230428333
230428179,230425534
230426300,230426965
230425619,230425042
230425619,230428158
230425619,230429508
230429473,230428531
230426957,230429473
230426957,230426972
230426957,230428158
230426957,230427934
230426392,230429547
230426392,230429395
230426751,230425261
230426751,230428914
230426751,230429951
230426760,230426078
230427342,230425947
230427381,230425496
230427381,230428029
230427381,230425642
230428029,230425188
230427996,230427751
230427996,230426589
230425397,230425681
230429616,230428382
230429616,230426941
230428028,230426388
230429936,230425150
230429936,230425042
230429667,230429979
230429667,230429516
230425112,230429667
230425112,230425206
230426450,230429473
230426450,230427381
230429885,230425667
230429885,230425445
230428777,230427502
230428777,230428333
230428505,230429813
230425681,230426103
230425672,230425681
230425672,230425006
230425672,230427836
230426832,230428755
230426832,230426209
230426832,230427050
230425157,230429511
230425437,230426300
230425437,230425830
230425437,230429772
230425947,230427775
230425949,230427436
230425949,230426711
230425496,230428570
230427158,230426209
230429411,230428543
230429411,230428869
230429411,230428914
230429411,230425150
230425667,230426954
230428118,230427695
230428118,230429127
230428118,230426564
230429447,230425534
230425471,230425112
230428760,230429127
230428760,230427775
230428521,230428158
230429876,230429445
230425810,230426548
230425810,230427645
230425150,230426118
230428589,230429425
230426131,230426832
230427512,230427436
230427512,230426052
230427512,230427648
230426589,230429559
230426601,230429772
230425830,230428869
230429301,230426175
230427825,230427888
230427825,230427934
230426119,230429084
230426119,230428446
230429038,230428543
230429038,230426941
230429038,230426711
230427644,230428755
230427898,230427342
230427898,230429616
230427446,230426209
230428543,230428382
230425206,230429203
230425206,230425397
230429760,230427499
230429760,230426131
230426629,230425258
230425141,230425467
230425141,230428755
230425141,230425258
230428577,230425127
230427432,230427423
230427432,230428357
230427432,230429547
230428741,230425873
230428741,230427083
230427423,230425642
230427423,230426941
230426544,230427775
230426544,230429772
230426548,230426474
230429979,230425971
230425042,230427499
230425042,230425622
230425042,230429979
230429967,230428446
230428647,230429038
230427872,230428601
230427872,230425397
230428519,230428201
230428519,230428914
230427419,230429508
230427934,230426564
230427934,230426426
230427934,230429813
230426482,230427432
230429352,230429951
230429352,230425258
230425971,230427645
230429559,230426209
230429559,230429609
230428144,230425445
230426941,230429674
230429164,230425600
230429164,230428570
230429164,230425587
230428357,230427502
230428357,230427933
230428158,230429050
230428166,230428869
230428166,230428357
230429772,230429547
230427093,230425379
230428310,230426268
230428310,230429263
230427716,230429445
230427751,230428215
230425261,230428117
230425261,230425971
230425013,230428570
230425013,230428604
230425013,230426965
230426100,230428962
230426103,230429559
230426103,230426451
230427645,230427933
230429911,230428901
230429508,230426560
230428901,230426519
230429813,230427420
230426965,230428466
230426285,230426560
230425534,230425467
230425534,230427589
230425534,230428576
230428869,230427645
230426560,230429050
230426718,230428877
230426727,230429084
230425061,230427093
230425061,230426929
230425061,230425013
230426175,230427589
230426192,230428755
230426192,230426690
230426187,230427222
230426187,230426947
230426451,230428441
230426209,230428576
230428755,230428441
230429127,230429508
230426769,230429609
230426769,230429372
230426769,230427502
230428446,230429084
230425379,230428400
230425379,230427222
230425379,230427110
230425392,230425774
230425392,230429040
230425392,230428166
230429395,230425127
230428488,230427499
230428382,230425707
230426426,230429164
230427192,230427810
230429547,230426192
230425081,230428466
230425081,230427445
230426268,230429609
230429566,230425299
230429566,230428755
230425467,230426965
230426388,230425642
230429445,230429755
230429445,230426519
230429425,230425258
230426223,230427499
230425445,230425258
230425445,230428488
230426446,230426410
230426446,230425680
230426446,230427420
230428435,230428466
230428435,230425467
230429179,230428877
230425642,230425600
230428856,230428901
230428856,230429633
230428856,230426268
230427056,230425961
230427056,230427436
230428215,230428144
230428201,230426052
230428877,230428640
230425999,230425091
230425873,230425961
230425873,230427192
230425873,230425013
230426690,230425061
230426711,230426446
230426711,230429134
230425258,230428446
230427436,230425734
230427436,230429911
230427436,230429674
230426479,230429643
230426479,230428391
230426479,230426388
230428570,230429084
230427888,230428520
230426474,230429951
230427502,230425587
230429084,230429759
230427836,230429407
230426078,230425680
230426078,230427093
230426078,230426769
230425127,230426285
230425127,230427716
230425127,230425061
230428601,230428531
230428601,230427933
230429321,230425734
230425804,230425379
230426117,230429050
230426117,230426718
230426118,230427208
230426118,230429813
230429203,230428901
230429203,230429127
230429203,230429951
230426716,230427420
230426716,230429084
230428531,230428446
230428531,230427420
230426052,230427499
230427933,230426410
230429759,230425186
230425299,230426965
230427793,230427215
230427793,230429633
230427810,230426924
230427806,230426769
230427775,230426647
230427499,230428510
230427695,230427208
230428640,230429460
230428640,230428755
230429951,230429203
230427709,230427369
230427706,230425734
230427785,230425169
230427786,230429167
230425284,230428730
230427076,230425734
230427076,230427151
230428191,230427017
230428191,230428035
230428165,230425975
230428165,230425065
230427041,230426992
230427041,230427356
230429519,230428482
230425554,230425376
230429505,230425734
230427017,230425360
230427017,230425091
230425091,230426962
230427110,230426831
230428117,230429407
230428105,230429407
230426975,230425202
230426975,230428289
230426991,230427701
230427525,230429194
230428978,230429519
230429460,230427548
230429460,230428638
230429460,230429643
230426924,230427067
230426924,230427525
230426929,230427785
230426947,230427891
230425587,230427017
230425587,230428722
230425600,230427445
230428289,230428087
230428289,230426097
230428289,230426202
230427208,230427369
230427215,230428441
230427215,230425887
230427215,230428165
230427222,230429887
230427235,230427369
230427235,230426731
230428400,230427891
230428403,230426975
230428403,230426660
230426831,230426947
230428391,230428904
230428391,230429505
230428394,230429648
230429441,230428695
230426210,230426580
230426210,230429048
230426210,230427445
230428962,230426210
230428962,230429999
230428962,230427891
230426231,230428108
230426231,230429401
230426231,230426781
230426263,230429134
230426263,230428289
230428925,230425600
230429373,230427430
230429373,230429633
230429373,230427235
230429380,230429194
230428466,230428289
230426767,230425388
230429407,230427041
230425680,230427544
230428441,230429316
230426781,230427151
230426781,230425774
230425186,230425256
230425186,230428400
230425186,230429380
230429134,230429756
230428845,230429953
230425707,230427544
230425707,230428508
230425734,230427326
230425734,230427891
230425734,230426924
230426731,230425893
230426731,230429401
230426731,230428368
230429372,230428059
230429372,230427908
230428510,230426731
230428515,230429223
230428520,230429380
230425113,230428289
230425113,230427548
230425113,230428699
230425113,230428108
230429887,230427420
230429887,230427484
230429609,230426576
230428035,230426097
230426647,230427348
230426647,230425893
230426647,230428165
230425774,230425448
230425202,230428165
230425202,230427484
230425202,230427706
230425202,230425360
230426678,230426576
230426678,230425113
230426678,230429873
230425313,230426361
230429695,230426547
230429695,230429401
230429633,230427215
230428576,230429167
230428580,230427908
230428580,230425621
230428604,230429932
230428604,230429320
230428638,230427041
230428638,230426962
230429643,230428508
230429643,230428165
230429648,230429189
230429648,230426263
230429674,230428117
230425360,230428394
230429263,230426576
230429263,230428840
230429263,230427356
230426519,230428203
230426519,230428730
230426519,230429643
230425976,230429999
230425976,230429875
230429167,230429875
230426410,230426736
230427902,230425887
230428722,230427418
230428722,230427891
230427420,230429401
230427420,230428978
230427420,230428203
230427445,230429460
230429217,230426210
230429223,230429034
230429223,230425195
230425961,230429040
230425961,230427555
230425893,230426767
230425256,230429505
230425256,230426831
230425256,230426202
230429755,230427589
230429755,230426647
230428782,230429316
230428782,230425313
230429189,230429925
230429048,230429887
230429050,230427828
230426083,230426781
230426083,230426408
230427828,230428400
230427589,230428482
230427697,230425976
230427697,230426736
230427697,230427208
230427697,230429316
230429999,230428576
230429040,230426410
230429034,230428004
230426125,230429573
230425031,230429317
230426419,230425111
230426419,230429889
230426419,230427115
230427891,230428482
230427051,230428012
230428203,230427356
230427067,230425536
230427067,230429482
230428176,230427760
230429756,230428047
230429756,230428182
230429756,230425975
230428108,230428182
230427418,230429923
230427151,230426576
230427151,230427326
230427701,230429873
230427701,230427169
230429482,230426736
230425621,230427418
230425621,230427151
230428730,230429754
230425147,230425643
230425147,230426644
230425147,230426627
230425147,230425861
230429860,230429811
230429860,230429147
230425887,230428699
230425887,230427301
230426408,230427555
230427908,230428699
230427169,230427891
230429796,230425887
230429796,230428368
230427548,230427741
230427544,230425376
230427544,230429573
230426992,230429953
230429731,230425629
230425065,230426660
230427430,230426419
230426480,230428012
230426480,230427418
230429194,230428108
230426962,230428664
230426962,230426408
230429925,230425975
230429925,230428702
230425845,230425909
230425169,230427169
230429131,230429285
230429131,230429731
230429131,230428116
230428904,230425448
230428904,230427864
230428904,230427291
230428482,230428501
230427484,230427067
230427484,230425160
230427484,230426580
230429292,230426644
230428508,230427301
230429401,230427154
230426736,230428702
230427369,230429731
230427369,230428116
230425448,230427301
230428047,230429209
230428047,230429317
230428047,230426041
230429431,230426183
230425643,230427908
230425643,230426125
230428695,230425065
230428695,230429889
230428695,230427326
230426547,230425861
230426547,230426464
230429932,230429666
230429932,230425936
230426746,230429116
230425376,230426749
230425376,230426097
230427356,230429800
230427356,230429300
230427356,230426183
230427356,230427051
230428087,230425395
230428368,230429932
230428059,230427161
230428702,230429731
230428699,230427893
230428840,230425388
230425975,230428067
230427555,230428116
230427555,230429316
230427555,230428622
230426202,230429811
230426202,230426576
230426202,230429666
230429316,230426169
230429320,230428501
230429320,230426395
230429320,230428070
230429873,230426576
230429873,230428214
230429875,230429731
230426576,230427760
230426580,230429116
230426580,230428368
230425111,230429317
230425111,230427701
230429889,230426097
230429889,230425111
230429889,230429401
230428012,230429545
230428012,230427347
230425427,230425111
230427326,230428059
230425388,230425395
230425399,230429482
230425399,230426576
230425399,230429251
230427347,230429131
230425269,230426559
230425269,230426125
230429953,230426736
230429953,230427555
230426361,230425388
230426361,230426097
230426361,230429932
230425195,230428622
230426660,230425031
230426660,230429482
230426687,230427701
230426687,230429860
230426687,230429147
230426097,230428224
230427703,230427893
230427348,230429983
230427879,230425169
230426464,230429093
230425909,230427503
230426478,230426244
230426478,230429249
230426467,230428607
230426467,230429285
230426467,230428532
230428116,230429286
230427120,230428981
230427120,230428214
230429815,230426494
230429815,230425862
230427540,230426245
230428986,230425027
230428986,230426494
230428986,230429251
230425629,230426254
230429923,230425536
230429251,230428265
230429251,230425816
230429251,230426193
230427291,230429545
230429666,230427128
230429116,230429916
230429116,230425528
230428693,230425435
230429573,230428664
230426395,230426041
230426395,230429081
230425862,230427340
230425862,230426870
230425861,230428182
230425861,230426733
230425861,230427068
230429943,230428214
230429943,230429827
230429943,230427503
230426254,230426244
230427845,230426885
230429800,230427845
230429800,230429676
230428224,230429261
230426183,230425816
230426183,230425036
230428214,230427259
230426193,230426049
230425528,230426049
230429088,230425196
230427161,230425027
230427161,230425224
230427161,230426896
230427154,230426896
230427154,230429020
230427154,230429666
230425936,230428224
230429209,230427297
230427184,230426577
230426439,230426627
230427115,230426742
230427115,230429988
230428182,230426563
230428182,230428174
230429545,230426749
230429545,230428837
230425536,230425054
230426733,230428067
230426742,230428622
230428607,230425070
230428607,230427154
230428607,230426733
230429300,230427864
230429300,230429666
230429300,230425070
230426559,230427115
230429317,230429192
230428622,230427340
230428622,230426439
230428622,230429020
230428070,230426373
230428070,230426594
230428070,230426464
230429286,230428420
230428664,230427161
230428067,230428116
230429285,230428067
230426334,230426559
230427893,230428116
230429827,230429317
230426749,230425952
230426749,230428037
230425160,230425126
230426244,230427036
230427297,230427259
230427297,230426069
230428501,230429573
230428501,230426193
230428501,230425629
230425395,230426376
230425395,230427864
230428004,230426169
230428004,230428636
230426627,230428070
230428837,230426963
230426644,230428737
230429811,230427466
230429811,230425691
230429147,230425952
230429147,230429080
230429147,230429286
230429147,230426742
230427301,230425027
230427301,230426870
230425003,230425537
230425430,230428063
230425430,230429015
230425430,230427161
230427864,230428739
230428509,230427354
230428509,230429983
230429983,230426554
230429983,230425126
230427741,230426896
230429015,230429815
230426041,230425174
230426041,230425536
230427760,230425666
230429754,230427476
230427615,230426041
230426169,230429081
230429769,230426963
230429769,230429286
230429769,230428501
230429988,230425126
230429988,230428693
230425036,230426577
230425019,230428737
230425027,230426096
230428991,230429758
230427817,230428010
230429081,230426400
230429081,230429849
230429081,230428046
230429080,230428790
230429080,230426021
230427733,230425036
230429331,230427133
230429308,230428063
230429308,230427964
230429308,230428991
230427503,230429333
230425196,230427068
230425196,230426281
230425196,230426554
230425435,230425036
230425435,230428529
230428037,230429020
230425434,230425036
230426373,230426712
230425816,230427167
230425816,230426487
230425101,230425816
230425101,230426429
230427296,230428298
230428532,230426376
230428532,230427476
230425691,230425666
230425691,230427433
230427873,230429758
230427873,230428537
230427340,230425962
230428630,230427682
230426376,230427601
230429175,230425799
230427861,230428817
230427861,230425090
230426563,230427298
230425126,230427982
230428461,230426376
230426596,230427873
230426594,230428461
230426594,230426096
230426494,230427238
230426494,230427298
230426577,230428636
230426554,230429404
230426554,230427128
230426554,230427964
230426554,230426281
230429261,230429714
230425174,230425434
230426245,230429849
230426245,230427460
230426245,230429161
230426021,230425434
230426021,230429020
230426870,230426429
230426847,230428485
230425636,230425952
230429249,230429080
230426896,230427817
230426885,230428688
230428089,230428812
230428089,230428211
230428063,230429404
230428063,230428007
230425175,230427476
230425666,230429249
230428420,230427355
230428420,230425981
230429281,230428739
230427354,230425434
230427354,230428046
230427354,230429333
230428046,230425036
230428046,230426152
230427288,230425973
230427288,230429068
230429579,230428790
230429579,230428630
230429579,230427496
230427259,230425224
230428636,230427096
230426963,230429849
230428981,230428174
230427163,230428739
230427163,230426020
230426487,230425353
230426487,230425901
230427452,230425019
230427452,230428270
230427452,230427340
230428298,230427009
230428298,230427354
230425973,230427496
230425973,230425434
230425973,230425158
230425973,230428981
230428270,230425335
230428270,230426486
230427009,230427496
230427009,230425973
230427009,230429281
230427009,230425666
230429192,230429676
230426486,230429069
230426486,230425174
230428265,230425084
230428265,230425981
230425070,230425691
230429916,230425335
230427036,230425756
230427036,230425816
230427128,230426596
230427128,230425468
230427460,230425175
230427460,230427005
230427476,230429249
230427476,230427298
230427476,230427075
230427133,230429438
230425224,230428063
230427466,230427068
230427393,230425019
230425952,230428432
230425952,230427678
230425952,230425691
230425353,230427873
230429252,230426487
230428739,230429066
230425054,230427075
230427068,230425636
230426049,230427883
230426049,230429333
230426069,230429758
230426069,230425054
230428791,230428991
230428791,230429198
230428791,230428269
230427883,230425084
230429093,230429331
230429093,230428726
230429093,230425952
230429047,230428715
230429020,230428682
230429020,230428265
230428790,230425407
230428790,230428791
230428790,230427551
230425537,230427743
230425537,230428037
230425537,230426020
230428174,230427601
230428737,230429161
230428737,230428609
230427840,230429020
230427840,230426773
230427840,230428529
230426195,230426920
230426195,230427009
230428269,230429532
230428485,230425308
230428485,230428458
230425692,230428541
230425692,230427433
230425692,230428688
230426734,230426642
230426734,230427743
230426743,230426396
230425694,230427938
230428010,230425357
230428010,230429066
230428007,230427837
230428007,230428238
230428007,230429358
230428007,230427425
230425756,230428537
230428492,230428817
230428492,230428552
230426721,230427167
230426721,230425170
230429883,230426466
230427298,230425756
230429714,230425694
230429718,230426333
230429161,230425488
230429161,230429250
230429367,230425962
230429367,230427295
230429367,230428945
230427601,230427298
230429358,230425357
230425981,230425411
230425981,230425158
230426641,230427682
230425407,230428401
230428529,230425746
230428529,230428715
230427496,230429866
230429068,230428541
230426096,230428772
230426096,230425512
230429069,230425407
230429069,230427054
230429069,230427753
230429069,230425928
230427729,230426712
230426152,230428065
230429438,230425962
230429438,230428817
230429438,230425090
230428373,230428124
230428373,230426575
230428373,230427003
230428373,230426959
230425674,230426466
230425674,230429232
230425674,230426642
230429404,230425090
230425620,230425357
230428065,230429730
230428065,230428893
230428065,230426764
230427238,230428881
230426920,230427433
230428682,230429367
230427355,230429867
230427355,230429718
230427964,230425654
230427964,230429867
230427972,230427678
230426020,230425308
230426020,230427960
230426020,230429787
230425654,230425512
230429849,230428715
230425158,230427682
230429379,230428235
230429379,230429250
230429379,230425799
230428896,230429066
230428893,230429379
230426281,230428200
230429390,230429161
230429390,230427003
230428432,230428366
230428432,230426889
230428458,230427837
230426773,230427982
230428609,230426437
230426555,230428200
230428626,230428065
230428626,230429729
230428626,230429390
230426575,230426764
230427982,230429198
230428688,230426396
230425440,230425411
230425440,230426712
230425440,230428541
230425660,230427227
230426608,230429905
230425170,230426617
230428552,230425094
230428541,230425640
230428541,230427743
230428541,230425158
230425799,230427001
230425799,230428235
230425799,230425557
230428537,230427523
230426712,230425694
230429333,230428609
230429333,230425158
230429066,230429909
230426162,230425488
230427682,230426959
230429729,230425962
230425335,230426608
230425335,230426215
230427551,230428345
230425468,230425090
230425468,230428529
230425468,230426743
230427167,230429795
230427167,230426162
230425512,230427551
230425084,230428812
230425090,230428438
230425090,230428432
230425090,230426432
230427523,230425928
230428715,230428733
230429866,230428733
230429866,230425557
230428726,230428772
230428726,230427496
230428726,230428412
230427001,230427005
230427001,230425962
230428733,230427496
230428733,230426306
230425962,230427837
230428817,230426641
230428812,230426333
230426520,230427496
230426520,230428373
230426390,230425488
230426400,230426520
230429250,230427601
230425557,230426641
230425557,230427637
230427054,230428229
230427054,230425357
230429909,230427001
230429909,230427637
230429909,230428830
230426432,230425335
230425928,230426215
230425928,230427586
230429198,230428736
230429198,230428124
230425901,230428235
230427940,230428438
230427940,230428014
230428772,230425365
230428772,230428485
230428772,230426889
230428238,230426281
230428238,230426920
230428238,230429883
230427433,230428235
230426466,230429358
230426466,230429066
230425094,230429793
230425094,230427897
230427075,230426590
230427005,230428783
230427005,230427167
230428211,230425692
230428211,230427743
230428211,230427238
230429758,230426608
230427096,230427743
230427096,230429795
230429532,230427227
230426429,230429905
230427678,230426520
230425938,230426959
230425938,230425674
230427743,230427318
230429767,230428378
230429767,230427923
230427753,230425052
230427753,230428401
230425542,230425443
230428200,230428850
230428229,230429459
230427003,230429453
230427003,230428235
230427003,230425609
230429905,230428328
230428155,230429232
230429787,230425485
230428235,230428665
230429793,230427122
230429795,230427835
230428328,230427960
230426959,230425609
230428124,230429763
230427198,230428713
230428401,230425086
230426889,230425797
230425488,230429872
230425488,230428783
230425488,230429392
230427227,230428830
230427227,230427753
230428366,230427269
230428366,230428850
230425640,230426381
230426874,230425344
230426874,230429024
230426874,230426460
230426881,230426499
230428345,230427753
230426914,230426454
230426914,230426642
230426914,230428773
230426932,230426590
230426932,230428850
230429414,230426874
230426764,230426215
230426764,230425056
230426764,230427191
230427269,230428434
230427269,230425035
230427269,230428656
230427265,230427768
230426824,230426889
230426824,230428524
230428498,230429094
230428498,230429765
230428498,230429952
230425411,230429205
230428036,230427993
230425797,230429042
230426617,230428143
230426617,230426191
230426617,230428229
230426642,230427837
230427318,230425308
230426630,230429945
230426590,230426522
230425365,230425933
230425365,230427923
230425380,230426215
230425380,230429906
230425380,230425905
230425380,230426617
230428692,230426914
230427960,230428524
230427960,230427098
230427960,230429867
230429867,230429110
230429867,230426889
230429872,230428713
230428014,230425443
230428412,230427874
230428412,230425907
230428438,230426333
230428438,230427077
230429412,230428229
230429412,230425797
230429412,230429763
230425746,230425966
230428549,230429793
230428524,230426333
230428524,230427178
230428524,230425485
230428528,230427130
230427295,230426653
230427434,230427077
230427425,230429670
230425896,230428229
230425896,230429962
230429218,230428378
230429218,230426851
230429232,230425609
230428736,230428656
230428736,230428345
230429240,230425907
230425357,230425935
230425357,230429024
230426219,230426914
230426219,230429765
230426215,230428197
230429730,230428197
230429730,230429152
230429730,230427980
230429730,230425411
230427819,230425609
230427837,230428549
230427637,230426981
230427637,230428829
230427637,230427321
230426182,230427077
230427835,230425935
230427835,230427077
230427835,230427586
230427835,230429514
230427584,230426215
230429096,230429132
230428945,230425443
230428945,230425485
230426306,230426325
230428881,230426851
230426333,230429422
230426333,230426320
230426333,230426959
230426333,230427265
230427897,230429795
230425308,230429094
230428783,230425746
230425331,230425485
230425331,230429422
230426396,230428829
230426381,230428773
230428830,230429125
230426437,230425344
230425935,230428434
230425935,230425056
230427938,230426325
230427938,230429670
230427586,230427295
230427586,230428748
230429514,230429152
230429900,230429255
230429900,230425910
230429900,230428773
230429495,230425964
230429495,230425327
230429495,230429470
230427130,230425653
230429392,230426150
230429392,230425706
230428439,230427923
230429906,230425076
230429906,230428808
230426839,230425462
230426839,230429900
230426851,230425056
230426851,230425919
230426851,230427993
230428378,230429125
230429928,230426730
230429928,230428491
230429928,230425905
230429453,230425239
230426915,230425653
230426915,230428553
230426915,230427217
230426915,230429297
230425485,230429615
230425485,230429410
230425485,230427122
230427191,230429255
230425609,230428323
230428290,230425344
230428290,230425966
230427180,230429297
230429471,230428656
230429471,230429422
230428323,230425076
230428312,230426341
230428312,230426320
230425632,230429530
230429459,230428665
230427178,230429042
230427160,230426775
230428197,230429297
230428197,230425465
230428197,230425302
230427077,230429205
230427098,230425762
230427098,230427217
230427768,230426032
230427768,230427077
230426114,230428378
230426114,230429094
230427122,230429037
230427122,230428364
230427122,230428556
230426981,230428814
230426981,230429945
230426981,230429094
230428268,230429408
230425086,230428378
230428143,230427217
230428143,230427390
230429531,230427770
230429531,230428323
230429531,230425056
230425035,230426350
230429952,230428713
230429952,230426454
230429962,230425239
230425865,230429744
230427390,230426775
230428713,230426127
230426499,230428814
230426522,230429408
230427980,230425919
230427980,230425966
230427993,230426806
230427989,230428323
230428665,230425056
230428665,230426150
230428656,230428568
230425383,230427768
230425383,230425302
230425383,230428323
230425383,230429132
230427357,230425134
230427321,230427693
230426597,230425910
230425822,230429780
230425822,230425907
230425822,230427971
230425822,230425086
230429297,230428748
230428556,230427275
230428568,230426597
230429615,230425396
230429422,230425865
230429422,230427122
230426806,230427874
230426817,230425632
230425443,230425274
230425462,230429453
230425462,230427971
230425462,230429514
230427303,230426180
230427303,230427693
230425706,230425653
230425695,230429459
230425751,230429608
230425751,230428143
230426670,230427693
230428553,230429707
230428553,230425706
230425762,230425609
230426653,230425134
230428434,230429215
230426454,230428808
230426454,230425278
230426460,230427903
230429205,230427482
230429205,230429125
230428773,230425327
230428773,230425278
230425933,230427923
230425937,230427130
230425344,230429945
230425344,230426127
230429680,230425383
230429680,230428197
230429680,230425964
230425056,230426114
230425056,230429408
230425056,230429324
230425056,230427191
230428809,230425396
230428809,230425035
230428808,230427098
230429763,230429900
230429763,230428133
230429763,230428809
230429763,230425134
230429765,230428294
230427482,230429961
230426357,230429707
230429152,230425632
230428829,230429770
230425964,230425571
230425969,230425821
230425969,230425327
230425919,230425632
230429212,230429297
230429212,230428553
230427923,230425609
230425905,230429964
230425905,230427993
230425905,230428642
230425907,230428434
230425907,230425320
230425907,230428290
230425907,230425465
230425052,230426775
230425134,230429467
230429937,230426700
230429937,230425086
230429945,230425933
230429670,230429680
230429670,230427874
230429670,230427321
230426226,230427130
230426226,230428748
230426226,230428323
230429850,230429961
230429850,230429531
230429850,230428294
230428911,230425383
230428911,230427303
230428911,230429615
230426290,230429110
230426320,230429744
230428850,230429495
230429132,230429906
230429132,230427482
230426325,230425035
230426325,230428138
230426325,230429000
230427877,230425653
230427877,230426730
230427874,230429906
230427874,230429212
230425966,230428143
230427546,230428294
230426180,230428568
230429125,230428665
230429125,230426653
230429125,230428434
230426032,230428789
230426191,230425274
230429011,230425609
230426159,230429735
230429110,230426839
230429110,230425056
230429744,230429000
230427829,230429422
230426150,230426320
230429024,230428656
230429094,230425035
230429094,230429212
230426127,230428223
230429042,230426127
230429042,230427903
230429964,230426498
230425274,230429528
230425274,230428998
230425274,230429978
230429770,230425351
230429770,230427712
230429770,230425287
230427712,230426067
230425302,230425592
230425302,230428486
230425302,230426775
230429735,230428416
230425287,230428998
230425287,230426495
230425278,230427781
230429707,230427126
230429608,230426700
230429608,230427292
230429608,230427275
230429568,230425582
230425465,230425763
230425347,230425351
230425347,230425204
230425327,230428670
230425327,230427820
230429693,230428138
230425320,230429324
230425396,230425302
230425396,230428223
230425396,230426705
230429467,230426537
230425571,230427975
230425571,230429735
230429470,230425778
230429410,230426655
230429410,230429000
230425743,230429721
230425743,230427257
230429408,230426964
230425653,230425574
230425653,230428355
230425592,230425653
230425239,230428967
230429780,230425239
230429494,230427193
230429530,230425213
230425494,230425686
230425778,230428133
230425778,230426269
230429324,230429707
230429324,230426705
230429324,230426766
230429324,230427820
230426341,230428499
230426341,230428223
230428717,230425426
230428814,230428020
230429037,230425351
230429840,230429211
230429840,230427257
230429840,230427705
230426197,230428814
230429000,230427988
230429043,230427975
230425989,230425972
230425821,230428539
230425821,230429717
230425863,230429780
230426350,230428169
230428789,230427391
230428642,230429467
230428642,230428020
230428675,230429494
230428675,230426606
230426537,230425209
230426537,230428855
230425910,230425916
230429267,230428669
230429255,230426648
230426775,230425494
230426901,230425863
230428294,230426964
230428294,230427826
230428407,230429707
230428281,230428710
230428281,230429467
230428281,230427820
230428416,230425653
230428539,230428669
230428539,230425989
230426705,230429043
230428491,230428355
230426730,230429761
230426700,230428681
230426700,230428539
230426700,230429975
230425121,230426012
230426615,230426067
230427971,230428148
230427399,230427820
230427770,230426864
230427770,230425029
230428199,230428497
230428199,230425494
230428199,230428407
230428138,230428507
230428138,230428967
230428133,230429500
230428133,230429091
230425076,230429091
230425076,230427027
230425076,230425770
230425076,230429043
230427064,230425327
230427064,230425571
230427292,230427781
230427292,230429975
230427317,230426655
230427275,230428281
230427275,230425916
230427285,230425209
230428084,230425571
230428084,230427285
230428084,230425275
230427217,230428789
230427217,230428855
230427206,230428281
230427206,230426705
230427988,230425239
230428223,230429043
230428223,230428855
230428223,230426901
230428223,230425989
230429907,230427687
230429907,230428491
230428364,230427421
230427903,230425327
230427693,230426030
230429961,230428491
230427705,230426012
230429717,230429091
230429220,230428486
230429211,230429721
230429211,230425686
230429211,230426498
230425898,230425770
230425209,230428005
230425209,230426864
230425763,230425916
230425763,230428005
230429803,230426592
230429803,230425364
230429803,230428572
230429803,230426495
230425972,230427126
230425916,230429721
230425203,230426864
230425203,230429879
230429351,230429975
230429351,230426252
230429344,230428710
230429344,230427255
230425708,230427975
230425686,230426264
230425686,230427331
230429479,230426566
230429479,230427257
230425597,230429803
230429435,230428005
230425590,230429874
230425590,230426030
230429543,230425590
230425569,230426659
230425569,230427331
230429500,230429981
230425574,230425590
230425211,230425203
230425213,230427193
230425582,230426067
230425582,230429543
230425518,230426592
230429558,230426659
230429558,230428855
230429558,230429843
230429558,230429649
230429528,230429211
230429651,230428855
230425486,230426655
230429594,230426030
230425364,230426864
230425364,230425590
230425364,230426203
230425364,230425763
230429649,230426293
230425275,230425916
230425029,230427978
230429965,230429528
230429965,230427027
230429965,230426280
230425426,230426606
230425426,230428020
230425426,230427331
230429761,230425597
230425351,230426495
230425295,230426495
230429721,230425803
230426606,230429091
230428614,230426252
230426592,230428406
230426592,230428967
230426592,230429594
230426566,230428486
230426566,230428514
230428670,230426203
230428670,230428148
230428681,230428486
230428710,230428967
230428710,230428100
230428669,230425569
230428669,230427975
230429879,230426648
230425151,230429651
230425151,230425590
230426498,230425972
230426498,230427027
230426495,230429543
230428723,230429879
230428723,230425351
230428855,230429594
230428855,230427027
230426449,230428670
230426449,230425351
230428734,230426449
230428734,230429528
230428734,230426592
230428734,230429649
230426252,230426259
230426259,230425204
230429843,230428555
230428820,230428998
230426264,230426030
230426264,230427331
230426269,230427449
230426280,230426592
230426293,230429978
230426293,230428406
230429091,230428499
230426067,230427820
230426067,230427449
230426067,230426964
230426030,230425770
230426030,230425518
230426012,230426203
230428998,230425211
230428998,230425972
230426203,230427978
230426203,230428820
230428964,230429091
230428964,230425569
230428964,230429879
230428964,230426606
230428967,230427449
230425204,230427331
230425803,230426498
230425803,230426269
230425803,230429351
230425803,230429649
230425770,230428497
230425770,230425295
230428355,230427975
230426964,230425518
230426964,230428967
230428499,230426566
230428499,230429558
230428499,230428681
230426766,230428169
230426766,230426030
230426766,230428514
230426766,230426012
230428406,230426964
230428494,230425426
230428555,230428855
230426864,230425295
230428497,230428514
230428486,230428820
230428486,230428497
230428486,230429435
230428486,230428998
230426659,230428820
230428514,230428681
230428514,230428734
230428514,230429649
230427027,230429649
230427027,230429594
230427027,230426293
230427027,230428998
230428100,230427027
230427193,230425763
230428120,230428494
230428120,230426067
230427148,230429803
230428169,230429981
230428148,230425770
230428148,230428497
230427126,230426864
230427126,230426606
230427126,230428020
230427126,230425686
230427127,230427126
230427127,230428710
230427039,230428681
230427257,230429874
230426648,230425569
230426648,230425203
230428572,230428964
230426621,230428723
230426621,230427391
230428507,230429091
230428507,230425597
230428507,230427126
230426655,230427039
230429874,230429978
230429874,230425204
230427373,230427391
230427373,230426495
230427373,230429761
230427346,230429344
230427346,230428514
230428005,230426259
230427331,230428020
230427331,230427975
230427331,230425213
230427331,230426030
230428020,230425518
230428020,230425351
230427255,230428005
230427959,230425213
230427959,230426659
230427391,230425763
230427391,230425590
230427449,230428005
230427449,230429351
230427449,230428169
230427421,230425211
230427421,230425275
230427820,230428005
230427820,230426621
230427547,230425209
230427826,230426864
230427781,230426766
230427978,230425597
230427975,230425351
230429978,230427687
230429978,230426964
230429978,230426655
230429975,230425770
230429975,230429981
230429975,230425204
230427687,230429543
230427687,230426449
230427724,230426030
230427724,230428614
230427724,230425486
230429981,230429649
230429981,230425597
230429981,230425351
